CREATE DATABASE  IF NOT EXISTS `shopping_web` /*!40100 DEFAULT CHARACTER SET utf8mb4 COLLATE utf8mb4_0900_ai_ci */ /*!80016 DEFAULT ENCRYPTION='N' */;
USE `shopping_web`;
-- MySQL dump 10.13  Distrib 8.0.34, for Win64 (x86_64)
--
-- Host: localhost    Database: shopping_web
-- ------------------------------------------------------
-- Server version	8.0.35

/*!40101 SET @OLD_CHARACTER_SET_CLIENT=@@CHARACTER_SET_CLIENT */;
/*!40101 SET @OLD_CHARACTER_SET_RESULTS=@@CHARACTER_SET_RESULTS */;
/*!40101 SET @OLD_COLLATION_CONNECTION=@@COLLATION_CONNECTION */;
/*!50503 SET NAMES utf8 */;
/*!40103 SET @OLD_TIME_ZONE=@@TIME_ZONE */;
/*!40103 SET TIME_ZONE='+00:00' */;
/*!40014 SET @OLD_UNIQUE_CHECKS=@@UNIQUE_CHECKS, UNIQUE_CHECKS=0 */;
/*!40014 SET @OLD_FOREIGN_KEY_CHECKS=@@FOREIGN_KEY_CHECKS, FOREIGN_KEY_CHECKS=0 */;
/*!40101 SET @OLD_SQL_MODE=@@SQL_MODE, SQL_MODE='NO_AUTO_VALUE_ON_ZERO' */;
/*!40111 SET @OLD_SQL_NOTES=@@SQL_NOTES, SQL_NOTES=0 */;

--
-- Table structure for table `anh`
--

DROP TABLE IF EXISTS `anh`;
/*!40101 SET @saved_cs_client     = @@character_set_client */;
/*!50503 SET character_set_client = utf8mb4 */;
CREATE TABLE `anh` (
  `id` bigint NOT NULL AUTO_INCREMENT,
  `SanPham` varchar(50) DEFAULT NULL,
  `ten` varchar(255) DEFAULT NULL,
  `ViTriAnh` int DEFAULT NULL,
  PRIMARY KEY (`id`),
  KEY `Anh_SanPham_idx` (`SanPham`),
  CONSTRAINT `Anh_SanPham` FOREIGN KEY (`SanPham`) REFERENCES `sanpham` (`Ma`) ON DELETE CASCADE ON UPDATE CASCADE,
  CONSTRAINT `FK53pp80mhis4r7rno10wmv5q81` FOREIGN KEY (`SanPham`) REFERENCES `sanpham` (`Ma`)
) ENGINE=InnoDB AUTO_INCREMENT=809 DEFAULT CHARSET=utf8mb4 COLLATE=utf8mb4_0900_ai_ci;
/*!40101 SET character_set_client = @saved_cs_client */;

--
-- Dumping data for table `anh`
--

LOCK TABLES `anh` WRITE;
/*!40000 ALTER TABLE `anh` DISABLE KEYS */;
INSERT INTO `anh` VALUES (240,'NIKE4','b498dca0.jpg',NULL),(491,'VANSOLDSCHOOLBLACK','8173b6ab.jpg',NULL),(492,'VANSOLDSCHOOLBLACK','c45b4fdc.jpg',NULL),(567,'NIKE1BLACK','6fe68aaa.jpg',NULL),(568,'NIKE1BLACK','e878244e.jpg',NULL),(569,'NIKE1BLACK','a0d6e7d9.jpg',NULL),(570,'NIKE1BLACK','5b95fe33.jpg',NULL),(571,'NIKE1BLACK','6758c9a.jpg',NULL),(584,'2222','f5a4d408.jpg',NULL),(585,'2222','5a3ca9d5.jpg',NULL),(586,'2222','668899f7.jpg',NULL),(587,'2222','8a5fad06.jpg',NULL),(588,'2222','3b572c30.JPG',NULL),(592,'HAHAHA','728c7445.JPG',NULL),(607,'NIKEAIR','98bdfcfe.jpg',NULL),(608,'NIKEAIR','2664e790.jpg',NULL),(609,'NIKEAIR','3800f1ff.jpg',NULL),(610,'NIKEAIR','bd7f50c9.jpg',NULL),(611,'NIKEAIR','1c22f590.jpg',NULL),(649,'124','d3dce307.JPG',NULL),(650,'124','fbcac1a4.JPG',NULL),(651,'124','ea319923.JPG',NULL),(652,'124','e5760b88.JPG',NULL),(653,'124','25bfebca.JPG',NULL),(663,'11111','e895f916.jpg',NULL),(664,'11111','aab73a7c.jpg',NULL),(665,'11111','c9b2f660.JPG',NULL),(666,'11111','232f674e.jpg',NULL),(667,'11111','1e694a94.jpg',NULL),(668,'123','5cc5fd63.JPG',NULL),(669,'123','d2672ac0.JPG',NULL),(670,'123','9ab47763.JPG',NULL),(671,'123','a79fb77d.JPG',NULL),(672,'123','90259e19.jpg',NULL),(673,'22222','2ed01490.jpg',NULL),(674,'22222','d36b9a61.jpg',NULL),(675,'22222','415b526d.jpg',NULL),(676,'22222','e6df3ef8.jpg',NULL),(677,'22222','e3c77c28.jpg',NULL),(678,'ADIDAS2PINK','1cbe0dc6.jpg',NULL),(679,'ADIDAS2PINK','cd6b7366.jpg',NULL),(680,'ADIDAS2PINK','316725a3.jpg',NULL),(681,'ADIDAS2PINK','33db19ca.jpg',NULL),(682,'ADIDAS2PINK','449a1d49.jpg',NULL),(683,'ADIDASSAMBA1','eb3fc0ac.jpg',NULL),(684,'ADIDASSAMBA1','110b1cb8.jpg',NULL),(685,'ADIDASSAMBA1','d982a4d6.jpg',NULL),(686,'ADIDASSAMBA1','3223bc1b.jpg',NULL),(687,'ADIDASSAMBA1','659f46c.jpg',NULL),(688,'CONVERALLSTARRED','8acf3ecb.jpg',NULL),(689,'CONVERALLSTARRED','acbe6a58.jpg',NULL),(690,'CONVERALLSTARRED','467a2ba9.jpg',NULL),(691,'CONVERALLSTARRED','2816ba27.jpg',NULL),(692,'CONVERALLSTARRED','7c62a481.jpg',NULL),(693,'CONVERSE','89f6f979.jpg',NULL),(694,'CONVERSE','93742702.jpg',NULL),(695,'CONVERSE','86b4f04d.jpg',NULL),(696,'CONVERSE','2148ceae.jpg',NULL),(697,'CONVERSE','dfba657d.jpg',NULL),(698,'CVAST','fe061bc6.JPG',NULL),(699,'CVAST','ec7b0ac6.JPG',NULL),(700,'CVAST','6bcbb15d.JPG',NULL),(701,'CVAST','8f163aa6.jpg',NULL),(702,'CVAST','51c6664a.jpg',NULL),(708,'JORDAN1','db33dd3f.jpg',NULL),(709,'JORDAN1','752345a0.jpg',NULL),(710,'JORDAN1','98fa58af.jpg',NULL),(711,'JORDAN1','b17f7eca.jpg',NULL),(712,'JORDAN1','900d5b7c.jpg',NULL),(713,'JORDAN4BLACK','a4c956af.jpg',NULL),(714,'JORDAN4BLACK','2cb38516.jpg',NULL),(715,'JORDAN4BLACK','42218350.jpg',NULL),(716,'JORDAN4BLACK','b37ccfdd.jpg',NULL),(717,'JORDANREDWHITE','63df8ab8.jpg',NULL),(718,'JORDANREDWHITE','1040cb6a.jpg',NULL),(719,'JORDANREDWHITE','37d7397a.jpg',NULL),(720,'JORDANREDWHITE','20673f51.jpg',NULL),(721,'JORDANREDWHITE','195811fe.jpg',NULL),(722,'NIKE3','a7cc87f7.jpg',NULL),(723,'NIKE3','bb38b197.jpg',NULL),(724,'NIKE3','cdce0643.jpg',NULL),(725,'NIKE3','aeacae2f.jpg',NULL),(726,'NIKE3','9431573c.jpg',NULL),(727,'NIKEFOG1','c3e32ca.jpg',NULL),(728,'NIKEFOG1','e9be8fc7.jpg',NULL),(729,'NIKEFOG1','691ed444.jpg',NULL),(730,'NIKEFOG1','382e7715.jpg',NULL),(731,'NIKEFOG1','9eb31796.jpg',NULL),(732,'PHUOC2003','6ea608f6.jpg',NULL),(733,'PHUOC2003','66fef613.jpg',NULL),(734,'PHUOC2003','41668e2b.jpg',NULL),(735,'PHUOC2003','8c854746.jpg',NULL),(736,'PHUOC2003','ea0db954.jpg',NULL),(737,'VANSCLASSICBLACK','a289f077.jpg',NULL),(738,'VANSCLASSICBLACK','48682a00.jpg',NULL),(739,'VANSCLASSICBLACK','7b0a5bac.jpg',NULL),(740,'VANSCLASSICBLACK','9d0a316b.jpg',NULL),(741,'VANSCLASSICBLACK','57d71cf.jpg',NULL),(746,'HGDFDVV','78ba76d9.jpg',NULL),(747,'HGDFDVV','c2a7b3ad.jpg',NULL),(748,'HGDFDVV','ed743c66.jpg',NULL),(749,'HGDFDVV','7b609f8d.jpg',NULL),(760,'ADIDASSTANSMITBLACK','5b6a65dc.jpg',NULL),(761,'ADIDASSTANSMITBLACK','e8fa4ef8.jpg',NULL),(762,'ADIDASSTANSMITBLACK','1b357d61.jpg',NULL),(763,'ADIDASSTANSMITBLACK','74262dc9.jpg',NULL),(764,'ADIDASSTANSMITBLACK','28963d48.jpg',NULL),(765,'ADIASYEEZYRED','b874f51d.jpg',NULL),(766,'ADIASYEEZYRED','346dcbf3.jpg',NULL),(767,'ADIASYEEZYRED','901f00b1.jpg',NULL),(768,'ADIASYEEZYRED','40d44304.jpg',NULL),(769,'ADIASYEEZYRED','7c5cea72.jpg',NULL),(770,'SP2023','d213821c.jpg',NULL),(771,'SP2023','583a5e1d.jpg',NULL),(772,'SP2023','e9fdbe5.jpg',NULL),(773,'SP2023','54bd6d9e.jpg',NULL),(774,'SP2023','37406b41.jpg',NULL),(775,'GV6','ed8184a3.jpg',NULL),(776,'GV6','cbc5e9dd.jpg',NULL),(777,'GV6','9b92ef7e.jpg',NULL),(778,'GV6','8eca041a.jpg',NULL),(779,'GV6','a5c99fb4.jpg',NULL),(782,'SPDA2003','b68746ec.jpg',NULL),(783,'SPDA2003','abb9ffa7.jpg',NULL),(784,'SPDA2003','63f741d2.jpg',NULL),(785,'SPDA2003','a4c4c434.jpg',NULL),(786,'SPDA2003','ad4b8a40.jpg',NULL),(787,'SOOO2024','79810d9b.png',NULL),(788,'SOOO2024','89fb6683.jpg',NULL),(789,'SOOO2024','d32e4789.jpg',NULL),(790,'SOOO2024','3d9f702c.jpg',NULL),(796,'SP0011','8d5fb132.jpg',NULL),(797,'SP0011','be729a63.jpg',NULL),(798,'SP0011','a16277af.jpg',NULL),(799,'SPHOCLAI','328ea4ef.jpg',NULL),(800,'SPHOCLAI','9310db7e.jpg',NULL),(801,'SPHOCLAI','efacd079.JPG',NULL),(802,'SPHOCLAI','8d6f7e8e.JPG',NULL),(803,'SPHOCLAI','aff5c5a0.jpg',NULL),(804,'SP2025','ab2e60fd.jpg',NULL),(805,'SP2025','aa903ed7.jpg',NULL),(806,'SP2025','213d342.JPG',NULL),(807,'SP2025','752e3757.JPG',NULL),(808,'SP2025','a93177e8.jpg',NULL);
/*!40000 ALTER TABLE `anh` ENABLE KEYS */;
UNLOCK TABLES;

--
-- Table structure for table `chatlieu`
--

DROP TABLE IF EXISTS `chatlieu`;
/*!40101 SET @saved_cs_client     = @@character_set_client */;
/*!50503 SET character_set_client = utf8mb4 */;
CREATE TABLE `chatlieu` (
  `id` varchar(36) NOT NULL DEFAULT (uuid()),
  `Ten` varchar(200) DEFAULT NULL,
  `NgayTao` datetime DEFAULT NULL,
  `NgayCapNhat` datetime DEFAULT CURRENT_TIMESTAMP,
  PRIMARY KEY (`id`)
) ENGINE=InnoDB DEFAULT CHARSET=utf8mb4 COLLATE=utf8mb4_0900_ai_ci;
/*!40101 SET character_set_client = @saved_cs_client */;

--
-- Dumping data for table `chatlieu`
--

LOCK TABLES `chatlieu` WRITE;
/*!40000 ALTER TABLE `chatlieu` DISABLE KEYS */;
INSERT INTO `chatlieu` VALUES ('380fe62b-8ec3-429f-9966-20054e41e6d6','Vải','2023-12-14 20:00:05','2023-12-14 20:00:17'),('8e0af9da-4f85-11ee-8a18-ee19b027b30c','Da cá sấu','2023-09-10 09:57:07','2023-12-14 20:00:38');
/*!40000 ALTER TABLE `chatlieu` ENABLE KEYS */;
UNLOCK TABLES;

--
-- Table structure for table `chitietdonhang`
--

DROP TABLE IF EXISTS `chitietdonhang`;
/*!40101 SET @saved_cs_client     = @@character_set_client */;
/*!50503 SET character_set_client = utf8mb4 */;
CREATE TABLE `chitietdonhang` (
  `id` varchar(255) NOT NULL,
  `DonHang` varchar(50) DEFAULT NULL,
  `ChiTietSanPham` varchar(36) DEFAULT NULL,
  `SoLuong` int DEFAULT NULL,
  `dongia` decimal(38,2) DEFAULT NULL,
  `dongiasaugiam` decimal(38,2) DEFAULT NULL,
  PRIMARY KEY (`id`),
  KEY `CTDH_DonHang_idx` (`DonHang`),
  KEY `CTDH_CTSP_idx` (`ChiTietSanPham`),
  CONSTRAINT `CTDH_CTSP` FOREIGN KEY (`ChiTietSanPham`) REFERENCES `chitietsanpham` (`id`) ON UPDATE CASCADE,
  CONSTRAINT `CTDH_DonHang` FOREIGN KEY (`DonHang`) REFERENCES `donhang` (`Ma`) ON DELETE CASCADE ON UPDATE CASCADE,
  CONSTRAINT `FK3i3vxmpwi6lkhoodqw3w5wkuh` FOREIGN KEY (`DonHang`) REFERENCES `donhang` (`Ma`),
  CONSTRAINT `FK7nb6wcsi5thxc4m83myp6aa9r` FOREIGN KEY (`ChiTietSanPham`) REFERENCES `chitietsanpham` (`id`)
) ENGINE=InnoDB DEFAULT CHARSET=utf8mb4 COLLATE=utf8mb4_0900_ai_ci;
/*!40101 SET character_set_client = @saved_cs_client */;

--
-- Dumping data for table `chitietdonhang`
--

LOCK TABLES `chitietdonhang` WRITE;
/*!40000 ALTER TABLE `chitietdonhang` DISABLE KEYS */;
INSERT INTO `chitietdonhang` VALUES ('021a680c-1575-4edb-9366-6e088921ee8e','UiaQ9eZ3','2bec65ff-b6df-44ce-b06b-dc23abd54a6c',1,900000.00,900000.00),('0382fe4d-4737-43ce-b506-486b42116ea9','x8M8fxzr','53cd3a11-3bcb-4630-986e-5d3404a2d426',2,1000000.00,1000000.00),('03a56e04-b8fa-4ef7-95fe-a8812ea77512','xRki4Fx9','3f08027e-d053-40a6-a3e0-a92583ba1504',1,4490000.00,4490000.00),('05f40ffd-4591-4c1b-8e3d-1d985feb259d','uSOhfIYB','013eec02-e31b-41ef-9379-c9a032f1b69f',1,4500000.00,4500000.00),('06206014-6988-4224-9d02-35c803f9b69c','uHdA8PQM','1186951b-d919-4de9-80aa-1f1d7e2b960a',1,4490000.00,4490000.00),('0750f248-5bdd-4559-8391-9a3226552b38','VvWMhpD5','2bec65ff-b6df-44ce-b06b-dc23abd54a6c',3,900000.00,900000.00),('078de792-cb4c-40e1-9400-e2c51f4d0585','KK8WNmXb','0f9e273c-5d5d-4fdd-bc2e-df4febdacc15',1,90000.00,90000.00),('079d7de8-6a0c-402d-8846-202029af712a','GHw7uSoq','09866daa-06d0-408c-851f-d3fc0ab0a37c',1,80000.00,80000.00),('084b8252-d908-4ea6-9910-cfde167b8175','u5x63b2J','09866daa-06d0-408c-851f-d3fc0ab0a37c',1,80000.00,80000.00),('08f364b9-fff6-4ed5-b6a3-06d2bfe5aef8','CdpHwcYa','689283f6-d650-4e87-b14b-e51d81061c7f',1,1000000.00,1000000.00),('099d371c-a9b7-40ae-ba99-16685339ec70','9jqh1sTK','9b1febea-e289-4503-a7a3-1802b432e59b',2,1990000.00,1990000.00),('09e3682b-0f6c-4a9d-9bde-b9af04a77944','lvkq7UID','19551acb-2e79-4af3-9c9e-40a9d810b4fc',10,590000.00,590000.00),('0ad3ed34-8951-498c-a46e-3ebd99ca01ec','Dyzybavc','013eec02-e31b-41ef-9379-c9a032f1b69f',1,4500000.00,4500000.00),('0adb611a-da0b-4548-94c2-e5a9b0e65bdf','eURf9eNG','d76c49cb-5cce-4b7f-9172-a906dd5f3735',14,899998.00,899998.00),('0b622002-0883-42fa-8d58-f8586ddbe70a','miexuXOg','19551acb-2e79-4af3-9c9e-40a9d810b4fc',2,590000.00,590000.00),('0cb186ba-cef1-4c55-8303-9f688bd188fc','D7vJbjmF','3f08027e-d053-40a6-a3e0-a92583ba1504',3,4480000.00,4480000.00),('0cccada4-625a-4407-9fad-91c8aa1a4621','xx7PlUmE','e4a6e122-d49b-4134-994d-4c06be943420',1,1000000.00,1000000.00),('0d05d938-fc55-45f5-ae0e-3a00968d9ed5','w0AdWh8k','013eec02-e31b-41ef-9379-c9a032f1b69f',1,4500000.00,4500000.00),('0d803379-50bb-4e4a-9e55-d058f19a447d','GZjnVTHB','013eec02-e31b-41ef-9379-c9a032f1b69f',1,1000000.00,4500000.00),('0dbd690d-7a0a-4f46-a898-acb3a3ae9454','jbHvnu96','3822f4f9-db2e-4d2b-8476-cf9f943ffa93',1,900000.00,810000.00),('0ebc9342-c4da-4e65-a028-415af403e756','07FcX807','19551acb-2e79-4af3-9c9e-40a9d810b4fc',1,590000.00,590000.00),('0f161ead-2c42-4114-98b5-50e318835309','HCJmHhvH','572c4e3c-eb35-49f3-b322-8d6c514bebd3',4,180000.00,180000.00),('0fd602e7-735c-422b-905d-459a1fcafa03','POrYNn3A','013eec02-e31b-41ef-9379-c9a032f1b69f',1,4500000.00,4500000.00),('10247c00-9ab2-4882-968e-a67a2b1aa588','bztxfsQJ','2bec65ff-b6df-44ce-b06b-dc23abd54a6c',2,899998.00,849998.00),('102f6657-a574-42c3-a5a8-e800653b5a7a','eVDkNag2','c51905ac-d3b2-4f89-a5d6-93e1cb3fa3db',1,1880000.00,700000.00),('106a277c-4de2-488d-8bfe-3e8e6985a1df','0hxuWIUJ','b4109261-ed21-4bef-b937-82af850c9f97',3,900000.00,900000.00),('10dc7f46-d4bc-4eab-8aeb-a711d0fd7276','rLS2OYce','8b57f87f-6df8-4615-bdad-72cc1f83fb49',1,4490000.00,4490000.00),('11ecc212-5ed2-4692-8d09-ea1caa33b7a6','DH14','013eec02-e31b-41ef-9379-c9a032f1b69f',2,4500000.00,4500000.00),('1214705e-def7-40cf-98aa-5bffd3e594b4','6n1ddubN','09866daa-06d0-408c-851f-d3fc0ab0a37c',1,80000.00,80000.00),('1286e279-2894-4272-af0a-26a3efc41d7a','qjQ3N2PM','d5237c76-67db-4125-a745-33f3fa8f55d3',4,900000.00,776544.00),('137ede4d-494a-467d-8cfe-67706754bda0','hlQMfN3I','0f9e273c-5d5d-4fdd-bc2e-df4febdacc15',1,180000.00,124200.00),('13b4bdc7-e5e7-4105-a6cd-dd0943410bec','nyKpJW8y','4461986a-f54d-4749-bce5-cccd2b003983',2,80000.00,80000.00),('142337f4-a81c-4720-9727-f94072caa342','285IJ6Co','d76c49cb-5cce-4b7f-9172-a906dd5f3735',1,899998.00,620998.62),('15391b4d-4a33-44fb-a67b-98d6a26c0d4c','Sk9EzWfS','013eec02-e31b-41ef-9379-c9a032f1b69f',1,4500000.00,4500000.00),('154cadcc-c497-4b6c-a486-08412919b892','iNZ6uNPL','d518075b-77b0-4806-a9e7-09a37d778d39',1,100000.00,10000.00),('16497f87-bd42-44cf-8a3f-0ec7acd59946','dBmd679k','e4a6e122-d49b-4134-994d-4c06be943420',8,1300000.00,1300000.00),('189b6c56-4e4a-474a-b4c1-807e12c76fe1','9aG63wiR','1186951b-d919-4de9-80aa-1f1d7e2b960a',2,4490000.00,4490000.00),('191092f1-e8dd-483a-b22c-dc31f44b6e6d','De39qOHo','013eec02-e31b-41ef-9379-c9a032f1b69f',2,4500000.00,4500000.00),('19fbe6b2-b015-4108-babf-05d0c9ac1417','qJqfh2hC','9b1febea-e289-4503-a7a3-1802b432e59b',2,1800000.00,1800000.00),('1ba7e679-8aa5-4099-abd4-500deb1373f3','BMDHeR7U','0076dc03-1a80-4234-8c30-8b7f42349d01',1,2000000.00,2000000.00),('1badeea3-d341-4abe-b215-577ed9e1ec7d','3voZk6Ka','1186951b-d919-4de9-80aa-1f1d7e2b960a',1,4490000.00,4490000.00),('1e103e8e-532b-4bd5-8b42-2ce8a4d5a8ec','cTEa8fKD','0f9e273c-5d5d-4fdd-bc2e-df4febdacc15',1,180000.00,180000.00),('1ea65f02-c659-4d37-b1c2-c1bb7575b2c9','BscHDeWI','100db5a8-ad2d-4113-ae0d-edbf348d1531',1,700000.00,700000.00),('1ebede16-4bc2-4aa9-b6f6-a78ca140282c','eo3M2P42','0076dc03-1a80-4234-8c30-8b7f42349d01',1,1800000.00,1800000.00),('1f19b2b7-446f-4e87-82a7-6522a3525875','idTvVPWL','a443f887-3b14-4aa9-9914-13a2cd74ff4d',1,4500000.00,4500000.00),('1f95716e-b147-465b-8c0d-abac94e7c295','Cl9lGJ0E','2bec65ff-b6df-44ce-b06b-dc23abd54a6c',3,899998.00,620998.62),('1f9fb18a-217f-41bb-bb48-1931bda8e41e','RTWbqFqA','4461986a-f54d-4749-bce5-cccd2b003983',1,90000.00,90000.00),('1fa1ca8f-a739-4f87-8d35-e614a79b90ea','lUK9RfXM','09866daa-06d0-408c-851f-d3fc0ab0a37c',1,80000.00,80000.00),('200ab997-6e23-4c4a-868a-ba6dc0fef432','NcjzOV9j','418a2ce7-2d2f-48a4-90b8-f82080f1051d',2,690000.00,690000.00),('20525a7f-ca8e-4038-88f2-3c1bf7a5384a','9EXWRsvo','013eec02-e31b-41ef-9379-c9a032f1b69f',1,4500000.00,4500000.00),('2160cca4-b381-40e3-a582-834cff6b2c81','YgGtTSRj','0f9e273c-5d5d-4fdd-bc2e-df4febdacc15',1,180000.00,180000.00),('22056a91-29f2-454a-bcfe-7df646a810e7','mYW4nEWB','09866daa-06d0-408c-851f-d3fc0ab0a37c',1,80000.00,80000.00),('2230c780-d410-4ed6-a172-e1354f03e238','OfUThwdg','100db5a8-ad2d-4113-ae0d-edbf348d1531',1,690000.00,690000.00),('22c3be94-fa48-4647-83e4-e59aa17e042a','9aG63wiR','b10b3f7e-b933-4cee-bff9-6a199704a0a0',1,1000000.00,1000000.00),('233e63d1-9d57-4ba4-8c4b-9a7674266671','twvPRCn1','4b5b789f-8b68-4d42-9153-90a329a2e907',1,4480000.00,4480000.00),('23831e1d-717d-490c-a963-d1fa57a82fcc','FkP0ndeX','2bec65ff-b6df-44ce-b06b-dc23abd54a6c',1,899998.00,620998.62),('24af6a36-e5b8-428d-a0fd-5b37d2e5e745','UnAF4LNU','57621e72-273e-41aa-aeea-650e0b65267c',2,180000.00,180000.00),('2808a656-99d7-429c-b02d-3b877baf4572','etDwuxhn','013eec02-e31b-41ef-9379-c9a032f1b69f',1,4500000.00,4500000.00),('28ef2420-576d-4940-8348-0fcda7c6fabd','y1Q6tKQX','1186951b-d919-4de9-80aa-1f1d7e2b960a',1,4490000.00,4490000.00),('29246cdf-20c5-41ee-8b9a-67b28b8fc9b7','ABwKhaDQ','41ba32d9-9667-482d-a82f-117bb7c6fed5',2,1990000.00,1990000.00),('294a1a01-4d66-4945-8a83-e56efca0ec21','w7fPROMN','158c7369-b805-43cf-b39e-29d8a23778e9',2,900000.00,840000.00),('2a3ebb3a-2308-4c88-929a-e342b01477af','0g6jvKN4','af9f1414-4d9f-488b-b05e-4e4fce00324c',1,1990000.00,1990000.00),('2b50ada1-2448-41a0-90d7-158b5d3dd24f','pv249f4v','d5237c76-67db-4125-a745-33f3fa8f55d3',1,900000.00,900000.00),('2d4c4cda-d7d7-433b-a8e6-fc3dc463cf51','OLgMPqT3','53cd3a11-3bcb-4630-986e-5d3404a2d426',1,1000000.00,1000000.00),('2ddb7988-c7eb-4e01-99cf-4af1c2fcb0d4','K8FBe8Cj','729f81c2-4356-4166-82f0-0b9cf87c5519',1,1990000.00,1990000.00),('2e65be90-e042-48bd-8a34-58e528fcd921','kYxPI69O','0f9e273c-5d5d-4fdd-bc2e-df4febdacc15',1,90000.00,90000.00),('2ed46178-4c6b-47e6-9b3f-a0bf59e50acb','Z8EYXv3X','0f9e273c-5d5d-4fdd-bc2e-df4febdacc15',1,180000.00,170000.00),('2f4d2799-c6cd-41ff-ae16-bb8f31d15400','SIYJxT1p','af9f1414-4d9f-488b-b05e-4e4fce00324c',1,1990000.00,1990000.00),('2fc4b691-bfaf-49ef-807e-2ee414348ef2','cHob4578','ab95bff1-7b26-4341-a814-e5d154b8bda2',2,900000.00,900000.00),('304a4abf-8914-41ef-9acd-4621df0811a2','TdnuVcXs','0076dc03-1a80-4234-8c30-8b7f42349d01',1,1800000.00,1800000.00),('30a41c3e-959f-4201-8879-340608e1c711','rO8ruFZ3','ab95bff1-7b26-4341-a814-e5d154b8bda2',1,899998.00,899998.00),('30bdfd00-8c77-4c8e-901f-e94f46b73e22','D66aZCE4','729f81c2-4356-4166-82f0-0b9cf87c5519',1,1800000.00,1800000.00),('31fa586d-e48e-4941-939f-6a8347c5fdd4','eAqJTPJY','792305cf-2dc2-4bc9-90b2-54ef14e9f39a',1,690000.00,690000.00),('328a5c50-1576-4686-b8b1-e058945c0ddb','kmB81qfz','ab95bff1-7b26-4341-a814-e5d154b8bda2',3,1000000.00,1000000.00),('331c5616-549d-4622-af78-086260737daa','K39pveYw','09866daa-06d0-408c-851f-d3fc0ab0a37c',1,80000.00,80000.00),('33a70598-cf30-4755-8127-76c26c043068','IpG8Ibif','b517e29e-bd72-4803-83da-11e869fd135b',1,4500000.00,4500000.00),('34bcd88b-0b7f-4575-a3ce-1eb0388261f9','3QTagcx1','0f9e273c-5d5d-4fdd-bc2e-df4febdacc15',1,180000.00,170000.00),('3502dc76-96cc-4ef7-83ae-b17c1b419274','cKxoZoA3','0f9e273c-5d5d-4fdd-bc2e-df4febdacc15',2,180000.00,124200.00),('350a9846-ee87-4eb3-bdce-2e98ef7b4906','CbexqEja','d518075b-77b0-4806-a9e7-09a37d778d39',3,10000.00,10000.00),('350c491f-5fc6-46b1-99ec-12f561be1a91','qQQQEOz5','689283f6-d650-4e87-b14b-e51d81061c7f',3,100000.00,10000.00),('35596e53-aea2-4da2-b6a1-636e900beff9','ehbdg6Iq','0f9e273c-5d5d-4fdd-bc2e-df4febdacc15',1,180000.00,124200.00),('393ec503-e508-4468-8014-56bbfc91fb2e','RJaVI5JG','729f81c2-4356-4166-82f0-0b9cf87c5519',1,1990000.00,1990000.00),('393fc65a-c03d-4d5a-86f4-5f6ddf25c034','Wk9P0viq','5fb2dad6-2ee0-4bc8-a46e-36d90561b4b1',1,899998.00,899998.00),('3a961717-8553-44cc-929c-2ddb03d5147a','brZIzDe9','689283f6-d650-4e87-b14b-e51d81061c7f',1,1000000.00,1000000.00),('3d55e65f-4ecf-4645-a72c-ab37c5bf416b','4axH1MoR','c69ef046-cec8-4c47-bc14-e637a65aa71b',1,500000.00,500000.00),('411b413b-90af-4f87-978a-41b556cc6938','1CwvJJQL','09866daa-06d0-408c-851f-d3fc0ab0a37c',2,80000.00,80000.00),('417562de-8bcb-48dc-83a4-7ca2e1880e8d','N2a5EdzR','013eec02-e31b-41ef-9379-c9a032f1b69f',1,4500000.00,4500000.00),('41c35614-bd02-4000-8099-347bea17ede5','Uj6SPqBv','1186951b-d919-4de9-80aa-1f1d7e2b960a',5,4490000.00,4490000.00),('41edc05f-b622-405d-b0d4-0faedbd415e7','E3IyALUv','729f81c2-4356-4166-82f0-0b9cf87c5519',1,1990000.00,1990000.00),('4378dada-cfb6-404f-a509-607160ef7f70','x8xg9eTo','6e56bf60-9a7d-4cf2-bf95-ed198feb237e',1,2000000.00,2000000.00),('452a0dd6-3c22-4def-840b-1bcc6ee6f958','GyJzAVUV','09866daa-06d0-408c-851f-d3fc0ab0a37c',2,80000.00,80000.00),('45f505c9-df4e-4119-8b49-176eb427e927','3NR54UE8','0076dc03-1a80-4234-8c30-8b7f42349d01',3,1800000.00,1800000.00),('48bb6221-8d5f-4eb4-b86e-e528a2d2aac4','oP52xnvs','bbff1971-ca71-4899-adb7-e6b7788e7d76',1,180000.00,180000.00),('494c32ad-36a9-40a0-a3b8-4f7d8e827cc3','8GuS4QLe','0076dc03-1a80-4234-8c30-8b7f42349d01',1,1990000.00,1990000.00),('49e2e22d-24e6-40a3-8f66-f0fb4c2b4230','rd8yJ8yi','57621e72-273e-41aa-aeea-650e0b65267c',1,180000.00,180000.00),('4a2d8aba-cac9-414f-91c0-29cc9a467d4f','ssMquyKP','a443f887-3b14-4aa9-9914-13a2cd74ff4d',1,4500000.00,4500000.00),('4a417895-f17b-4547-943e-e71d36e9ef3c','MZ3yxa2z','ab95bff1-7b26-4341-a814-e5d154b8bda2',2,899998.00,799996.00),('4a6fb53f-87cb-4e9c-921a-ebf8d55db08d','THJW2v3K','401e11a7-edec-4b32-9631-eae457175c82',1,1990000.00,1990000.00),('4b1f42bc-c3fc-4988-895b-005601577983','92wCHS3G','1186951b-d919-4de9-80aa-1f1d7e2b960a',1,4490000.00,4490000.00),('4b61841d-b963-4cfe-853a-c94e5ade3d22','VCqFiCBO','ca65788d-94b0-41d6-8a33-41c71d91403f',1,40000.00,40000.00),('4d78d3a7-0056-40b0-8a9f-dd7418766cb3','UVOtB96X','09866daa-06d0-408c-851f-d3fc0ab0a37c',1,80000.00,80000.00),('4da885d4-058a-4709-8939-1afbdc109733','jXVsS9qj','013eec02-e31b-41ef-9379-c9a032f1b69f',1,4500000.00,4500000.00),('4e2647d7-0b87-4a65-9251-259f7b1c4a3e','Le0jfMmy','2bec65ff-b6df-44ce-b06b-dc23abd54a6c',1,899998.00,839998.00),('4f2aeec1-1286-46e0-8a95-2a34ed45bc06','qr71KGlc','af9f1414-4d9f-488b-b05e-4e4fce00324c',2,1990000.00,1990000.00),('4f49cd3c-89c6-4f92-a946-33b255e2318b','iNNV8KOl','013eec02-e31b-41ef-9379-c9a032f1b69f',1,4500000.00,4500000.00),('50207d9c-ba70-4030-a74f-9d83a389302d','dBmd679k','5fb2dad6-2ee0-4bc8-a46e-36d90561b4b1',12,1300000.00,1300000.00),('5027ec99-8ee9-48c0-9fe3-77ce2cf3394b','Xdrk0RbG','222aabcd-a764-418a-ba68-673ce089c20b',1,400000.00,400000.00),('507b18a8-b17b-43d1-aba8-3eab4007660d','JfP6wyiH','a443f887-3b14-4aa9-9914-13a2cd74ff4d',1,4500000.00,4500000.00),('50ee1b6a-13cb-41a1-863b-8404db4457bd','NeAQZ6m3','0076dc03-1a80-4234-8c30-8b7f42349d01',3,1800000.00,1800000.00),('5116ac03-d18a-4250-aa2e-09382ef3c35c','Y04iD7fs','013eec02-e31b-41ef-9379-c9a032f1b69f',1,4500000.00,4500000.00),('5122bed2-e79f-45f4-b5db-59a46a569b92','30rIDtzn','013eec02-e31b-41ef-9379-c9a032f1b69f',1,4500000.00,4500000.00),('5366e934-3a43-40de-8593-3972e831700f','SjtQ0zjL','af9f1414-4d9f-488b-b05e-4e4fce00324c',1,1990000.00,1990000.00),('538e6ae2-bb52-4849-b9a9-d92fd64835e6','6EHPNert','401e11a7-edec-4b32-9631-eae457175c82',1,1990000.00,1990000.00),('54b44a38-3040-4487-ae41-e7a3c35cff53','RygWG7uD','0076dc03-1a80-4234-8c30-8b7f42349d01',3,1990000.00,1990000.00),('54db17aa-0404-497d-b65d-a629122cf83e','cmCqBt8a','e1982bec-cfd6-46cc-bb00-562c5386924a',1,4500000.00,4500000.00),('55099eb3-412d-4990-b4e6-f583e06ad849','fvn2fPTT','0076dc03-1a80-4234-8c30-8b7f42349d01',1,1800000.00,1800000.00),('559805bc-d8d4-4ec0-9601-7d65190a49e5','eL5E2pYj','ab95bff1-7b26-4341-a814-e5d154b8bda2',1,1000000.00,1000000.00),('55d210b5-301d-4d35-a324-dc77447014b8','HxC22tdh','af9f1414-4d9f-488b-b05e-4e4fce00324c',1,1990000.00,1990000.00),('5600ed49-edd0-472b-9b5c-13ac0af48ff1','cZYHDRiU','1ad4e241-612a-48c9-ac0e-03d59e9e662b',1,590000.00,590000.00),('563450b7-d64b-45d7-974a-2558dcc2cfeb','8xi0m9tk','729f81c2-4356-4166-82f0-0b9cf87c5519',1,1990000.00,1990000.00),('56534941-95ed-4b7b-bda6-49e3e2c56ceb','dvmmekTy','013eec02-e31b-41ef-9379-c9a032f1b69f',1,4500000.00,4500000.00),('5758fa57-9b09-475b-ab0d-c77277786c2b','Dyzybavc','100db5a8-ad2d-4113-ae0d-edbf348d1531',2,700000.00,700000.00),('5775ff10-efc3-4a0c-b096-2da9da8403c3','6Z4bizYx','013eec02-e31b-41ef-9379-c9a032f1b69f',1,4500000.00,4500000.00),('57b69182-9fe4-4a44-92b0-3b3af5e406f8','ljnvRQTM','41ba32d9-9667-482d-a82f-117bb7c6fed5',1,2000000.00,2000000.00),('5813180a-6cf0-44cb-9429-1713e9c8b6d3','TwbeS8OE','af9f1414-4d9f-488b-b05e-4e4fce00324c',1,1990000.00,1990000.00),('5a34c2c6-f365-4b5f-9892-fbb85baa8b3d','SIwH2dhJ','7b9df832-8783-4422-880f-c8e2b9443018',1,1000000.00,1000000.00),('5cfc5302-72e7-4ee4-bf41-9395448d4a7b','K8FBe8Cj','af9f1414-4d9f-488b-b05e-4e4fce00324c',1,1990000.00,1990000.00),('5e1c2cbd-8a55-4cef-8a81-37188e245508','R3Le4EdM','ab95bff1-7b26-4341-a814-e5d154b8bda2',3,899998.00,899998.00),('5ec55036-e4c6-4be1-b2fc-4dfc2fa66447','9fanKWn2','507ae948-b68f-411e-9cdc-d3ce8221afba',4,100000.00,10000.00),('5ecbe7c6-209d-470f-887f-2273c0a04eea','L390mm48','0f9e273c-5d5d-4fdd-bc2e-df4febdacc15',1,90000.00,90000.00),('5f389c83-8f32-4348-b0e1-8be4f8f36cae','SHFYXfpQ','810efd0a-fe44-43df-9fb7-e79dedfb1d33',1,90000.00,90000.00),('606530ed-5eba-467c-a16a-59baa4dcb607','eV6NI4Al','013eec02-e31b-41ef-9379-c9a032f1b69f',3,4500000.00,4500000.00),('60a40d80-ce0b-4284-bcff-3cc2607fb5e1','GkTeTsUY','0076dc03-1a80-4234-8c30-8b7f42349d01',1,1990000.00,1990000.00),('60f1e335-3c09-4149-9d16-73408ddddb66','BCdvFF3j','57621e72-273e-41aa-aeea-650e0b65267c',1,180000.00,124200.00),('60f92447-55dc-4061-9146-89cd554efe3a','bpkOnnG6','0f9e273c-5d5d-4fdd-bc2e-df4febdacc15',1,180000.00,180000.00),('62473def-92b1-47a5-9461-7eee9ca314f4','oeYA72Af','1ad4e241-612a-48c9-ac0e-03d59e9e662b',1,1000000.00,1000000.00),('625b39d0-1f83-4990-93a8-a8806afc632c','pWhEbbzf','09866daa-06d0-408c-851f-d3fc0ab0a37c',1,80000.00,80000.00),('6271c3d3-32b1-4514-9482-fde2c05e2b30','07FcX807','0f9e273c-5d5d-4fdd-bc2e-df4febdacc15',2,180000.00,180000.00),('646b1098-7ca4-450a-a5ec-8df6c14b553d','93xG6Q75','d55f4edc-db82-4969-919b-b90071dbda35',2,900000.00,900000.00),('64788029-fcc5-420a-acfc-705972078127','5SIKxceE','af9f1414-4d9f-488b-b05e-4e4fce00324c',1,1990000.00,1990000.00),('67544656-e982-4c01-8c63-9a223a215a97','fHGrHKQf','1186951b-d919-4de9-80aa-1f1d7e2b960a',1,4490000.00,4490000.00),('68afbc30-deac-4431-86c0-d65dd4825098','a7udnAU4','222aabcd-a764-418a-ba68-673ce089c20b',1,400000.00,400000.00),('6b06a16a-bbc8-4f85-b0a2-d0cff869e060','YbjmImzh','572c4e3c-eb35-49f3-b322-8d6c514bebd3',1,180000.00,180000.00),('6b138f43-fb94-44e4-837a-3b4d7bcb9247','lMER6DIY','100db5a8-ad2d-4113-ae0d-edbf348d1531',1,700000.00,690000.00),('6bb7cde2-afad-4efe-a068-045636799d3f','hNmHO5iq','689283f6-d650-4e87-b14b-e51d81061c7f',2,100000.00,10000.00),('6c49c023-dd99-4c58-ab74-e19e5f00204f','uSoLzJ3J','0f9e273c-5d5d-4fdd-bc2e-df4febdacc15',1,180000.00,180000.00),('6d18a2ff-ad6f-47c9-a252-f8f11e2c3e47','4hMpbHkR','810efd0a-fe44-43df-9fb7-e79dedfb1d33',2,600000.00,100000.00),('6d5b0f18-5dd6-40a2-8d53-3b9e91c1eec9','GZjnVTHB','5fb2dad6-2ee0-4bc8-a46e-36d90561b4b1',1,1300000.00,1300000.00),('6edb20be-d2c9-4575-8d31-74e2c332940f','9BRCC7WN','013eec02-e31b-41ef-9379-c9a032f1b69f',1,4500000.00,4500000.00),('6f05ef26-ff2f-4041-9398-339b827c0cb2','RJvNXClH','8b1e5393-f2a7-49d4-99a0-2960cbf961a8',1,2000000.00,2000000.00),('723539b3-6393-40fa-9106-f9d6c0f9eaf5','DH10','810efd0a-fe44-43df-9fb7-e79dedfb1d33',1,600000.00,100000.00),('7259f83c-f4e2-4ddb-8863-096e83487f4a','miexuXOg','401e11a7-edec-4b32-9631-eae457175c82',1,1990000.00,1990000.00),('7285532a-7193-43c6-a383-4d30f16ff245','OJ3oUvy6','507ae948-b68f-411e-9cdc-d3ce8221afba',1,1000000.00,1000000.00),('733dcd4e-9792-4762-b578-1b33c0e9172b','fvn2fPTT','bbff1971-ca71-4899-adb7-e6b7788e7d76',4,180000.00,170000.00),('74a595ad-3156-4f10-9a84-a6472b74e7c7','pVsna5Bw','689283f6-d650-4e87-b14b-e51d81061c7f',1,1000000.00,1000000.00),('75e0cdee-01d8-4b45-84f7-7720c3578c48','WNkV1V4F','013eec02-e31b-41ef-9379-c9a032f1b69f',1,4500000.00,4500000.00),('768456b7-3c68-48c4-8f6c-4f51bfb14a5e','EmGFDJkH','d76c49cb-5cce-4b7f-9172-a906dd5f3735',6,899998.00,849998.00),('76895fa4-980d-41bf-8fe0-42a6b0c03042','ffyiV2j8','8340763e-6bf6-4b9d-aeb6-491b4556958e',1,1599999.00,1599999.00),('770c2d91-244b-4a1b-b403-b8c41ceeebba','RbU3uCtl','3bb82391-abd2-466f-bcca-fd4b86adadd1',1,900000.00,900000.00),('77e48675-d0c6-4189-b882-007d8cd0e197','LIfnKiei','64a60211-5c4d-435d-a699-10b7cc11394d',1,180000.00,180000.00),('782f0c04-016a-4a63-b784-1103235716b9','wDvYJ7SN','e0863558-3973-4178-9b75-022331880525',1,900000.00,850000.00),('79efb343-494b-4c7f-8e6d-1f287621cb0b','qklP1YjD','09866daa-06d0-408c-851f-d3fc0ab0a37c',3,80000.00,80000.00),('7a2f5c9f-f174-43c5-a65e-3d37fba2e35d','ABwKhaDQ','9ccfe451-44c4-42c0-83f8-96d707119dbf',1,400000.00,400000.00),('7b8f2d66-d5d1-475f-9b75-2fe3a901cf7f','Sl2BvPZN','0076dc03-1a80-4234-8c30-8b7f42349d01',1,1990000.00,1990000.00),('7b9e5acf-05c9-41c8-9743-86b5823d5942','EOtdIMu5','9b1febea-e289-4503-a7a3-1802b432e59b',2,1990000.00,1990000.00),('7c20f229-e3e9-49a4-a0c4-1c3626c6ef06','uHdA8PQM','d76c49cb-5cce-4b7f-9172-a906dd5f3735',1,990000.00,980000.00),('7c4fda25-9165-4ce7-9d9e-4d677b145f0a','MX6mv8Q0','1186951b-d919-4de9-80aa-1f1d7e2b960a',1,4490000.00,4490000.00),('7d0bc5ac-0478-44d8-8467-419eb8dd3b32','GZLcbEnJ','09866daa-06d0-408c-851f-d3fc0ab0a37c',1,80000.00,80000.00),('7d1e41ae-b6e0-40df-a1f9-cfabef89bd02','Ik2hjh7b','d76c49cb-5cce-4b7f-9172-a906dd5f3735',1,899998.00,899998.00),('7d44c1d8-41c9-4f32-b450-3509a6e8baca','mpD2quPO','09866daa-06d0-408c-851f-d3fc0ab0a37c',1,80000.00,80000.00),('7db51853-5508-4092-b814-957754ae0d47','cvYzD0qE','ab95bff1-7b26-4341-a814-e5d154b8bda2',1,899998.00,899998.00),('7e5aef49-3315-42b5-98ef-6d011cecf071','eVDkNag2','792305cf-2dc2-4bc9-90b2-54ef14e9f39a',2,1880000.00,700000.00),('7ecb9d30-68e6-46b9-9005-eb3a956516f0','8PPsgDyb','100db5a8-ad2d-4113-ae0d-edbf348d1531',1,690000.00,690000.00),('7f7f56bc-fea6-4db2-ae3a-96d570660bd9','zvyGcqVb','2bec65ff-b6df-44ce-b06b-dc23abd54a6c',1,899998.00,620998.62),('7f90f5a7-d478-4182-badd-ce0920fe5399','gAGgVlEW','013eec02-e31b-41ef-9379-c9a032f1b69f',3,4500000.00,4500000.00),('811f2216-d7a2-4681-83f8-427b48fe59e7','Bk6P2icl','3e02ea63-e216-4990-9076-4a3feedd2464',4,1000000.00,1000000.00),('81b4d911-335c-49df-a8b5-20bbd0d217db','dBmd679k','d6a85b2c-cb5d-4aa3-a547-7a26368c4859',1,100000.00,10000.00),('81f6f855-758a-4ee9-bece-297716e6272f','idTvVPWL','507ae948-b68f-411e-9cdc-d3ce8221afba',1,1000000.00,1000000.00),('83cc5aed-ace9-4815-9e5e-7a06fef14899','95DxKQsP','19551acb-2e79-4af3-9c9e-40a9d810b4fc',1,590000.00,590000.00),('8435f8fb-0b49-4982-afaa-e41432e9a3dd','YRcuPsoM','2bec65ff-b6df-44ce-b06b-dc23abd54a6c',1,899998.00,899998.00),('84407adf-4018-4f51-b4ad-0923dcb0621a','8Zb5gBy8','013eec02-e31b-41ef-9379-c9a032f1b69f',1,4500000.00,4500000.00),('8579aa6d-d654-4a82-822a-8bc6046422e6','a7udnAU4','2a545596-8909-43c2-8b0f-5e07125e4a60',1,1000000.00,1000000.00),('866eb293-d20d-4064-a40a-d2135f7ebd7d','qP06iVx2','0076dc03-1a80-4234-8c30-8b7f42349d01',2,1800000.00,1800000.00),('8849c152-8fbe-40a3-b9a2-811de80766b3','U2g3yQoG','af9f1414-4d9f-488b-b05e-4e4fce00324c',1,1990000.00,1990000.00),('88800281-b77a-4a79-887d-45e56dad495d','IgR0hKsM','222aabcd-a764-418a-ba68-673ce089c20b',1,400000.00,400000.00),('8889583d-0a91-4a52-a598-8d5e13c9090c','qg59sZgh','ab95bff1-7b26-4341-a814-e5d154b8bda2',1,899998.00,776542.00),('8aef6ec2-45f5-463e-8e73-986838325645','a10vlJxg','0076dc03-1a80-4234-8c30-8b7f42349d01',1,1800000.00,1800000.00),('8bd8f426-0c9e-455a-8b6d-539d58f910f6','NCSlQLuN','4acba3fe-b311-440f-b11c-3c6da86cba3c',2,1000000.00,1000000.00),('8bf0946a-b8e1-4f50-9600-e42d984ee02a','gz87vXwB','0f9e273c-5d5d-4fdd-bc2e-df4febdacc15',2,180000.00,170000.00),('8c12e30d-d47f-40dd-8808-58257384528a','eJCRPf8x','ab95bff1-7b26-4341-a814-e5d154b8bda2',3,1300000.00,1300000.00),('8e717647-418f-4a29-8a63-6b427705056c','u1HaWGZ1','09866daa-06d0-408c-851f-d3fc0ab0a37c',1,80000.00,80000.00),('8eed96fa-306d-4dc0-97b0-0f0baddb4b98','lvkq7UID','1186951b-d919-4de9-80aa-1f1d7e2b960a',10,4490000.00,4490000.00),('8f3a336a-788b-4af7-b22e-153f8271c26f','Vul1wp0u','013eec02-e31b-41ef-9379-c9a032f1b69f',1,4500000.00,4500000.00),('8fa9393e-0948-4f07-bb73-04d93ee1680e','VdXoi4ng','507ae948-b68f-411e-9cdc-d3ce8221afba',1,100000.00,10000.00),('8fdd7b88-11bc-4719-aed8-0f5b4afc4d21','YZaRZTtg','0076dc03-1a80-4234-8c30-8b7f42349d01',1,1990000.00,1990000.00),('8fe47976-0cc0-4798-87a0-cf0a083f8742','iNNV8KOl','0076dc03-1a80-4234-8c30-8b7f42349d01',1,1800000.00,1800000.00),('9008036f-76f8-496a-a081-c063ca227321','YeGRrXmK','013eec02-e31b-41ef-9379-c9a032f1b69f',1,4500000.00,4500000.00),('901d572b-ad40-40ca-8566-616f453e7bf7','rd8yJ8yi','5fb2dad6-2ee0-4bc8-a46e-36d90561b4b1',1,899998.00,799996.00),('9048f9fa-70a7-4424-8120-ffe2eac62001','57JkHOIE','013eec02-e31b-41ef-9379-c9a032f1b69f',3,4500000.00,4500000.00),('90b2a3e2-d265-40f4-be16-e2307269cf2d','eAqJTPJY','507ae948-b68f-411e-9cdc-d3ce8221afba',1,1000000.00,1000000.00),('914b37a0-f92d-4b9f-9de4-91dc4219e7ee','WRIxFKtP','af9f1414-4d9f-488b-b05e-4e4fce00324c',1,1990000.00,1990000.00),('9301fa91-0f30-4877-ae86-24d53f3a3124','ZDuIxArk','729f81c2-4356-4166-82f0-0b9cf87c5519',1,1990000.00,1990000.00),('9356f72a-09a8-45b9-9a8e-ba39c145aa27','kYxPI69O','09866daa-06d0-408c-851f-d3fc0ab0a37c',1,80000.00,80000.00),('93712c42-9e21-43b4-9295-862868e14e47','8Zb5gBy8','2bec65ff-b6df-44ce-b06b-dc23abd54a6c',2,1000000.00,1000000.00),('939fabd8-87ff-46c4-85d0-a846d8763f85','8wqPZ5Fe','1186951b-d919-4de9-80aa-1f1d7e2b960a',1,4490000.00,4490000.00),('946439db-43b6-4522-9a54-4a1784f1d315','i61iZkiQ','d76c49cb-5cce-4b7f-9172-a906dd5f3735',3,900000.00,900000.00),('94d15f9f-483d-474a-b034-6abf6d5d5bcd','6cAsuDzb','ab95bff1-7b26-4341-a814-e5d154b8bda2',3,899998.00,776542.00),('956a1ea2-e6d4-4581-9dbf-86bb24a23c92','6cAsuDzb','2bec65ff-b6df-44ce-b06b-dc23abd54a6c',2,899998.00,776542.00),('96909cba-473a-4773-8d47-ec17474d9dd1','xs3oaLPK','0f9e273c-5d5d-4fdd-bc2e-df4febdacc15',1,180000.00,180000.00),('96bdec08-8602-4b47-93d2-18852d1a2654','RERZyYmG','729f81c2-4356-4166-82f0-0b9cf87c5519',1,1990000.00,1990000.00),('974839e6-7194-11ee-b611-57e67ab10a1e','DH1','013eec02-e31b-41ef-9379-c9a032f1b69f',1,500000.00,450000.00),('97485d36-7194-11ee-b611-57e67ab10a1e','DH1','507ae948-b68f-411e-9cdc-d3ce8221afba',2,700000.00,690000.00),('97487a28-7194-11ee-b611-57e67ab10a1e','DH2','507ae948-b68f-411e-9cdc-d3ce8221afba',2,500000.00,500000.00),('974896b6-7194-11ee-b611-57e67ab10a1e','DH3','af9f1414-4d9f-488b-b05e-4e4fce00324c',1,700000.00,700000.00),('9748dd7e-7194-11ee-b611-57e67ab10a1e','DH4','d76c49cb-5cce-4b7f-9172-a906dd5f3735',4,400000.00,390000.00),('9748f48a-7194-11ee-b611-57e67ab10a1e','DH5','af9f1414-4d9f-488b-b05e-4e4fce00324c',1,400000.00,390000.00),('97490434-7194-11ee-b611-57e67ab10a1e','DH6','af9f1414-4d9f-488b-b05e-4e4fce00324c',1,500000.00,450000.00),('974910c8-7194-11ee-b611-57e67ab10a1e','DH7','013eec02-e31b-41ef-9379-c9a032f1b69f',1,400000.00,390000.00),('97491eb0-7194-11ee-b611-57e67ab10a1e','DH8','c51905ac-d3b2-4f89-a5d6-93e1cb3fa3db',1,500000.00,500000.00),('97492e78-7194-11ee-b611-57e67ab10a1e','DH9','af9f1414-4d9f-488b-b05e-4e4fce00324c',1,400000.00,390000.00),('97493e5e-7194-11ee-b611-57e67ab10a1e','DH10','013eec02-e31b-41ef-9379-c9a032f1b69f',1,700000.00,700000.00),('9749522c-7194-11ee-b611-57e67ab10a1e','DH11','d76c49cb-5cce-4b7f-9172-a906dd5f3735',1,400000.00,400000.00),('974965dc-7194-11ee-b611-57e67ab10a1e','DH12','d76c49cb-5cce-4b7f-9172-a906dd5f3735',1,500000.00,500000.00),('974977a2-7194-11ee-b611-57e67ab10a1e','DH13','013eec02-e31b-41ef-9379-c9a032f1b69f',1,500000.00,450000.00),('9749897c-7194-11ee-b611-57e67ab10a1e','DH14','d76c49cb-5cce-4b7f-9172-a906dd5f3735',2,400000.00,400000.00),('988e9f64-c1eb-4459-b9b2-2b6a56f91fa8','ytqmbcGl','09866daa-06d0-408c-851f-d3fc0ab0a37c',1,80000.00,80000.00),('99201549-60b8-4898-bf5a-04e76f91f0bf','6Vr1ecq4','689283f6-d650-4e87-b14b-e51d81061c7f',12,1000000.00,1000000.00),('9a4869a8-6589-4258-bf9b-8cd44df5d4b7','4WybOLm4','64a60211-5c4d-435d-a699-10b7cc11394d',4,180000.00,180000.00),('9a7a4fcd-8d94-4d36-8d57-1c418c1cd416','f7240JdZ','0076dc03-1a80-4234-8c30-8b7f42349d01',1,1800000.00,1800000.00),('9bd498c6-a990-44dc-8fe1-35910e0f4b21','cnUJjoS9','0f9e273c-5d5d-4fdd-bc2e-df4febdacc15',1,10000.00,10000.00),('9c98bc19-ed78-4780-a1dc-e4c9475da325','fHGrHKQf','0076dc03-1a80-4234-8c30-8b7f42349d01',1,1990000.00,1990000.00),('9dcec2a0-f08f-48ae-820c-ae2a52556fdb','UBfrjD8s','013eec02-e31b-41ef-9379-c9a032f1b69f',1,4500000.00,4500000.00),('9dd5baa8-c2f7-4679-b8e5-ee06fd065237','NHS6xpHd','38ad29d9-8f2d-4c95-9213-0e6876864750',1,2000000.00,2000000.00),('9e554599-1cb4-43bb-aded-d90bb9a55281','UYtaXC10','bbff1971-ca71-4899-adb7-e6b7788e7d76',1,180000.00,180000.00),('9efb1d30-7b88-4589-9f6a-9081e299d87e','oTBwvKio','64a60211-5c4d-435d-a699-10b7cc11394d',1,180000.00,180000.00),('a0438124-bc3f-4c4b-b7a2-4a5dc33cb390','bpkOnnG6','1186951b-d919-4de9-80aa-1f1d7e2b960a',1,4490000.00,4490000.00),('a04d4f0d-177b-445b-ac18-d10d1a0a8b76','lvi3nBGv','013eec02-e31b-41ef-9379-c9a032f1b69f',1,4500000.00,4500000.00),('a071d029-0e93-433f-83e5-816973d8aba6','Uu14SZTD','af9f1414-4d9f-488b-b05e-4e4fce00324c',12,1990000.00,1990000.00),('a0a61226-9c06-482c-b8da-c4ce7511e5c3','q2LTsqrb','507ae948-b68f-411e-9cdc-d3ce8221afba',1,1000000.00,1000000.00),('a2dfb8ba-8a07-411d-9f02-5c35bfdb8304','De39qOHo','ab95bff1-7b26-4341-a814-e5d154b8bda2',1,990000.00,980000.00),('a351d947-3447-42ef-b177-70ca9123f40f','OiLFNquK','0f9e273c-5d5d-4fdd-bc2e-df4febdacc15',1,180000.00,180000.00),('a4fe7183-9fa9-4519-b449-26ec83777160','ZBCm5XGa','0076dc03-1a80-4234-8c30-8b7f42349d01',1,1800000.00,1800000.00),('a57ee3e6-eb52-42ba-964b-ab7de769615f','dl8YHteT','1186951b-d919-4de9-80aa-1f1d7e2b960a',1,4490000.00,4490000.00),('a5dab4c8-593c-423d-817f-659dea3d81c2','4WybOLm4','1186951b-d919-4de9-80aa-1f1d7e2b960a',1,4490000.00,4490000.00),('a77e323f-54e8-49e4-9760-ea9d73e069f6','OfUThwdg','154b50a5-76e0-43ce-9086-214eabd1f04e',1,90000.00,90000.00),('a7eb75b7-97e5-469a-abca-115da41ae13b','fnbOl4NL','572c4e3c-eb35-49f3-b322-8d6c514bebd3',1,180000.00,180000.00),('a7fe18e6-6d05-49a5-877a-b04f00930325','eAqJTPJY','57621e72-273e-41aa-aeea-650e0b65267c',1,180000.00,180000.00),('a85fdd3c-7817-4d60-9eb5-87f8ba20ab3a','Ah230jfd','0f9e273c-5d5d-4fdd-bc2e-df4febdacc15',1,90000.00,90000.00),('aa09d096-c901-42c3-b9f1-a908ad173391','POrYNn3A','09866daa-06d0-408c-851f-d3fc0ab0a37c',1,80000.00,80000.00),('abbebfe9-d10d-45c0-8a62-85d161683933','OaYa8tG1','2bec65ff-b6df-44ce-b06b-dc23abd54a6c',1,899998.00,620998.62),('abc74ef6-d9a2-425e-bb5e-5b2f4f10c5e7','mdbYHh6w','bbff1971-ca71-4899-adb7-e6b7788e7d76',1,180000.00,180000.00),('ac6accf0-e7fe-4ab0-b91e-7139013b669d','o3KUNk41','09866daa-06d0-408c-851f-d3fc0ab0a37c',1,80000.00,80000.00),('ad05eba2-e880-4964-b4fb-6b3cb23f6b15','CuLtNekv','013eec02-e31b-41ef-9379-c9a032f1b69f',1,4500000.00,4500000.00),('adc32857-d752-4bbf-950d-4b4e7347421e','Q2Smx931','af9f1414-4d9f-488b-b05e-4e4fce00324c',1,1990000.00,1990000.00),('af20ec8c-e4dc-4393-aa6c-7e5bbb9079cf','7n5YUo6T','ab95bff1-7b26-4341-a814-e5d154b8bda2',1,899998.00,899998.00),('af478247-fa13-4f93-a5e9-2965a8363d76','oIILmkYl','729f81c2-4356-4166-82f0-0b9cf87c5519',5,1990000.00,1930000.00),('b05564a2-b96e-4b5f-bfcb-2b82479d5d0a','6GW3gyuH','689283f6-d650-4e87-b14b-e51d81061c7f',1,1000000.00,1000000.00),('b0fc18ea-156d-40b7-b17c-05347852e892','OlSoM2WT','689283f6-d650-4e87-b14b-e51d81061c7f',13,100000.00,10000.00),('b28d4702-33b7-40b2-8949-abd7a8a38b99','BzOznOXW','19551acb-2e79-4af3-9c9e-40a9d810b4fc',1,590000.00,590000.00),('b2a760d1-1816-4de8-8cdb-b7925e3e7ef5','efJRViix','729f81c2-4356-4166-82f0-0b9cf87c5519',1,1990000.00,1990000.00),('b34b15cf-080a-493d-8618-905bd9a72dec','UNvOw1dJ','ab95bff1-7b26-4341-a814-e5d154b8bda2',2,899998.00,799996.00),('b7a2f628-192e-4c96-8706-a5bdad9d3d53','OlSoM2WT','d518075b-77b0-4806-a9e7-09a37d778d39',10,100000.00,10000.00),('bafbe33a-5bd6-471c-83e6-a6c5bc3fdb23','lvkq7UID','0f9e273c-5d5d-4fdd-bc2e-df4febdacc15',10,180000.00,170000.00),('bb048c12-b3d1-4515-a96b-b18685c6b867','MDN6apc1','0076dc03-1a80-4234-8c30-8b7f42349d01',19,1800000.00,1800000.00),('bb1bba64-81e4-4967-be18-c48bb8f65f78','UnAF4LNU','0f9e273c-5d5d-4fdd-bc2e-df4febdacc15',1,180000.00,180000.00),('bb8cced6-3cb2-4fb9-bf90-18aff44cbc5c','ehbdg6Iq','0076dc03-1a80-4234-8c30-8b7f42349d01',4,1990000.00,1990000.00),('bcab99b2-0799-4f87-9bdc-975e314f59f4','PCJrjqs8','09866daa-06d0-408c-851f-d3fc0ab0a37c',20,80000.00,80000.00),('bd31052b-a069-4ad8-8ef1-d5805f40b6d2','CP6eTudT','af9f1414-4d9f-488b-b05e-4e4fce00324c',1,1990000.00,1990000.00),('be61f1ef-f252-4a6e-b565-b22c83027756','mkhGqV9J','013eec02-e31b-41ef-9379-c9a032f1b69f',3,4500000.00,4500000.00),('be772499-9f4b-48f7-8973-4b3c4e21d497','oeYA72Af','6d7ce3aa-13e5-4712-9ef8-d0e51e6264d6',1,1000000.00,1000000.00),('be9932a4-8a27-4099-a311-5974ec914b75','RdD4mi26','a893a25e-80f7-490c-a677-50f683dfce3c',1,899998.00,839998.00),('bf5f4294-c34e-4d6c-8386-c5c1950cfb65','8wqPZ5Fe','154b50a5-76e0-43ce-9086-214eabd1f04e',1,90000.00,90000.00),('bf6fbddf-210b-4fc6-b27a-9dc43cd0178e','3f3mkFDo','0f9e273c-5d5d-4fdd-bc2e-df4febdacc15',1,180000.00,180000.00),('bf86b5fd-af00-43e8-a602-8801e7f07537','6Vr1ecq4','d5237c76-67db-4125-a745-33f3fa8f55d3',1,900000.00,621000.00),('c005fa59-607c-42ff-a776-fa578a29c3f6','RgKI9exR','41ba32d9-9667-482d-a82f-117bb7c6fed5',3,1990000.00,1990000.00),('c09f9bbb-c87f-4781-aa5f-f52f93460c77','Xa6HQNMH','013eec02-e31b-41ef-9379-c9a032f1b69f',1,4500000.00,4500000.00),('c28d3ed4-6879-4a40-b854-ff106248aa11','wCq4Q5ho','af9f1414-4d9f-488b-b05e-4e4fce00324c',1,1990000.00,1990000.00),('c2c108c6-5b6e-4dc0-a706-f389d35273cd','dn8Zo0ln','09866daa-06d0-408c-851f-d3fc0ab0a37c',1,80000.00,80000.00),('c36036ee-9ebf-4e53-a276-5f5ce56b69bf','zC5Rj0hh','bbff1971-ca71-4899-adb7-e6b7788e7d76',1,180000.00,180000.00),('c43583ec-4f92-4828-b559-202264e59b80','kh3dzSv7','1186951b-d919-4de9-80aa-1f1d7e2b960a',1,4490000.00,4490000.00),('c5287b15-d01c-4cdb-b8db-5190eb874297','sGFNTOxQ','09866daa-06d0-408c-851f-d3fc0ab0a37c',1,80000.00,80000.00),('c56489db-2e20-4844-8aee-3a59f05928cd','XlXPqm5J','c69ef046-cec8-4c47-bc14-e637a65aa71b',1,500000.00,500000.00),('c6b2f775-e228-4579-ad50-4d5c431ae98a','CbjDnBDb','64a60211-5c4d-435d-a699-10b7cc11394d',1,180000.00,180000.00),('c6d6fdb8-c1b5-4f69-a259-f75d251ce0b4','9mnA0s2B','100db5a8-ad2d-4113-ae0d-edbf348d1531',1,690000.00,690000.00),('c76dd7b9-529c-42d6-90fc-b1a32c98c199','Uj6SPqBv','19551acb-2e79-4af3-9c9e-40a9d810b4fc',1,590000.00,590000.00),('c77be093-953a-4a95-a743-c9f4dd6d0335','4GZtOVbr','507ae948-b68f-411e-9cdc-d3ce8221afba',1,10000.00,10000.00),('c7d534bb-5fcb-41bb-827c-573ab2ad9aed','KjBRZHqd','0076dc03-1a80-4234-8c30-8b7f42349d01',4,1990000.00,1990000.00),('c8e484d1-984e-49b5-b5f1-21cd5a0444d8','LZNMbf3E','810efd0a-fe44-43df-9fb7-e79dedfb1d33',4,90000.00,90000.00),('c9765911-2fe9-42a3-ab9d-a4b1f4a2144d','TxOuJIam','e4a6e122-d49b-4134-994d-4c06be943420',1,1300000.00,1300000.00),('ca2b80ca-53f7-4c46-9918-dbee0fc66c6a','AKblD6Vi','013eec02-e31b-41ef-9379-c9a032f1b69f',1,4500000.00,4500000.00),('ca567f16-d257-4dd0-9405-56d58e3b595d','MX6mv8Q0','100db5a8-ad2d-4113-ae0d-edbf348d1531',6,690000.00,690000.00),('ca7ccefd-b148-4376-a51a-84fd3ad61312','wliaRo7u','013eec02-e31b-41ef-9379-c9a032f1b69f',1,4500000.00,4500000.00),('cc74da36-6d25-4ca5-a525-dc73fec5e065','91RwDpG6','572c4e3c-eb35-49f3-b322-8d6c514bebd3',1,180000.00,180000.00),('cc94c7a7-9f8a-4f8a-81fa-0947bb898296','GyJzAVUV','ab95bff1-7b26-4341-a814-e5d154b8bda2',2,1000000.00,1000000.00),('cd03ce9a-c411-429f-b5f6-939d4a437039','dws52SlQ','013eec02-e31b-41ef-9379-c9a032f1b69f',1,4500000.00,4500000.00),('cd757778-9715-442d-886f-4d2bce93680e','yN198mo0','8b57f87f-6df8-4615-bdad-72cc1f83fb49',1,4490000.00,4490000.00),('ce384f45-df69-423d-9c53-0b289a4d6466','pJI4L3em','bbff1971-ca71-4899-adb7-e6b7788e7d76',1,180000.00,180000.00),('ceb765c2-db5a-4a05-8ae5-0165a79ddd82','annbDsOX','09866daa-06d0-408c-851f-d3fc0ab0a37c',1,80000.00,80000.00),('cf1205f9-fce8-477b-a46e-341299d5332c','tIcsY8Mj','3e02ea63-e216-4990-9076-4a3feedd2464',1,590000.00,590000.00),('d01a52d0-3239-47c2-9664-3c581cdaf100','tV1wCadJ','64a60211-5c4d-435d-a699-10b7cc11394d',1,180000.00,180000.00),('d1e5e43d-bf06-4f66-a397-7aa908438fd6','N0wiqf6h','013eec02-e31b-41ef-9379-c9a032f1b69f',1,4500000.00,4500000.00),('d22ff5b0-e150-4794-adc4-e0ed0f19c538','ZNzr0wsX','e4a6e122-d49b-4134-994d-4c06be943420',1,1300000.00,1300000.00),('d3099af1-63fe-46d7-a623-d4c55da44d26','MFcHNraT','09866daa-06d0-408c-851f-d3fc0ab0a37c',1,80000.00,80000.00),('d3697d42-332d-4cbd-ad07-b2a34701d2d0','8GuS4QLe','19551acb-2e79-4af3-9c9e-40a9d810b4fc',1,590000.00,590000.00),('d7648002-bab8-4711-9d55-5e51edba3751','xvpZOQ2P','0f9e273c-5d5d-4fdd-bc2e-df4febdacc15',2,180000.00,180000.00),('d7e81bf2-4bdb-479e-85a5-d64c80e5c1c7','4AkMW7o8','0076dc03-1a80-4234-8c30-8b7f42349d01',4,1800000.00,1800000.00),('d83587db-b234-4f55-baba-d79515158620','geJ1SU7C','90ac5dc1-1562-4b50-8748-5afacdfc9f05',1,2000000.00,2000000.00),('d9b2699a-d444-4f4e-8efa-cdb7fd505974','l9LQk5jC','689283f6-d650-4e87-b14b-e51d81061c7f',1,1000000.00,1000000.00),('da853e64-5867-442c-ac73-baf43e6f637e','Dyzybavc','09866daa-06d0-408c-851f-d3fc0ab0a37c',3,80000.00,80000.00),('dc9e7f50-bbf4-47bb-abe8-0ae064e55e39','cmCqBt8a','d76c49cb-5cce-4b7f-9172-a906dd5f3735',2,899998.00,620998.62),('dd994819-197d-44ec-8eef-9b1a3aa2af15','IpG8Ibif','609306ee-5f4f-4409-9820-7a8482c0d22a',1,900000.00,900000.00),('de7e7bf0-2260-4080-bec9-39d49a57a24c','rd8yJ8yi','0f9e273c-5d5d-4fdd-bc2e-df4febdacc15',1,180000.00,180000.00),('dffa60fa-e54e-4274-ab51-a17e0122108d','Jfplcb7I','013eec02-e31b-41ef-9379-c9a032f1b69f',1,4500000.00,4500000.00),('e0bcecbf-4c7d-4e9e-aeae-56ac9e02e5f4','uwuwMFS1','0f9e273c-5d5d-4fdd-bc2e-df4febdacc15',1,180000.00,124200.00),('e0f445aa-aa52-4733-b074-f3180045321b','oP52xnvs','af9f1414-4d9f-488b-b05e-4e4fce00324c',1,1990000.00,1990000.00),('e3ed797f-104d-432f-93d5-ae9f31ac6dde','cTEa8fKD','19551acb-2e79-4af3-9c9e-40a9d810b4fc',1,590000.00,590000.00),('e44ab6d2-fd44-4539-a814-f56475b48b1d','BIfiASUe','bbff1971-ca71-4899-adb7-e6b7788e7d76',1,180000.00,180000.00),('e4c32a94-d8c7-42ae-8bcc-1bdb90e1127d','GGlSMUBQ','100db5a8-ad2d-4113-ae0d-edbf348d1531',1,700000.00,700000.00),('e4de01a9-a821-4b04-8222-27e1eabcf2fc','wu6nPtRE','013eec02-e31b-41ef-9379-c9a032f1b69f',3,4500000.00,4500000.00),('e52228c1-f848-42da-9d15-e8cddce64952','lvkq7UID','222aabcd-a764-418a-ba68-673ce089c20b',10,400000.00,400000.00),('e55f4b65-8030-40a2-be12-69494e0b8d54','j15c5zNV','0076dc03-1a80-4234-8c30-8b7f42349d01',1,1990000.00,1990000.00),('e66d4e3f-bbb2-4ba4-a807-12f6277eeb32','BH9SXmah','e4a6e122-d49b-4134-994d-4c06be943420',2,1300000.00,1300000.00),('e9429f46-957c-497e-978f-cdb781d6cf43','KlxxQ770','756c4a7b-44a7-4df2-b98c-e203ae4d2b5e',2,2000000.00,2000000.00),('ea8fc3e0-66d2-4464-9556-bba23c6a4946','XyscYSA1','d518075b-77b0-4806-a9e7-09a37d778d39',1,100000.00,10000.00),('eaf06314-1ff4-4997-86bc-426ebd567833','I0o5uk1w','013eec02-e31b-41ef-9379-c9a032f1b69f',1,4500000.00,4500000.00),('eb1d32f0-70da-4954-872d-b910beb2d97d','aUFKuK6l','852544a2-7d47-4e5b-bb75-32950c5c9da3',1,199999.00,199999.00),('eb506f85-9472-47f5-8b41-bfc733c50b98','klqLW6fR','9b1febea-e289-4503-a7a3-1802b432e59b',1,1800000.00,1620000.00),('eb7859a9-37a6-42ae-bf11-c542f9290e94','0DaBxwgd','af9f1414-4d9f-488b-b05e-4e4fce00324c',3,1990000.00,1990000.00),('ebd3ecc1-29aa-4482-9222-117e81486019','CNAER0b3','461a497e-7178-4115-9b30-98dec08693f1',1,590000.00,590000.00),('ebf32ef4-24d2-42ce-881c-a5119fc25248','BH9SXmah','93d2aac4-e64a-4cd9-aa54-b93f2fbab956',2,20000.00,20000.00),('ed91acbe-7400-47d9-b772-8c7086421a9f','lJAXTxnG','0f9e273c-5d5d-4fdd-bc2e-df4febdacc15',1,180000.00,180000.00),('edcae039-db5b-41b8-ad19-18b329d7ecf2','93xG6Q75','e56e7577-a66f-42ad-a6c7-cbc80c95c450',3,900000.00,900000.00),('ee80d6a0-df60-4d68-adb0-5836afa86f60','DH10','5fb2dad6-2ee0-4bc8-a46e-36d90561b4b1',2,1300000.00,1300000.00),('ef631541-dbee-42ef-a0de-439b1a9d3475','B36hGU9W','2bec65ff-b6df-44ce-b06b-dc23abd54a6c',1,900000.00,900000.00),('f0f502e7-daa5-49ee-9643-1d1ec21fde4b','Zx3KzI2Y','689283f6-d650-4e87-b14b-e51d81061c7f',1,1000000.00,1000000.00),('f21ee368-ddd2-4852-949f-40bfa4d94404','Cw5CAP43','ab95bff1-7b26-4341-a814-e5d154b8bda2',2,990000.00,980000.00),('f27966c3-17de-4796-9cc6-39f3fd82fc48','HvMi8UoH','2bec65ff-b6df-44ce-b06b-dc23abd54a6c',2,900000.00,900000.00),('f3427f2f-e988-441c-a0ad-274314b23f45','Xdrk0RbG','1186951b-d919-4de9-80aa-1f1d7e2b960a',2,4490000.00,4490000.00),('f3eb1a29-6468-430c-8473-bc4dd17fc20c','METQb9cg','729f81c2-4356-4166-82f0-0b9cf87c5519',14,1990000.00,1990000.00),('f5792d7c-3b16-40f3-bf33-91e73d8d9b48','HqcdH0lx','64a60211-5c4d-435d-a699-10b7cc11394d',1,180000.00,180000.00),('f5a0aa8b-e32c-4cef-a3e8-01487c25eaad','xtsums8a','38ad29d9-8f2d-4c95-9213-0e6876864750',1,2000000.00,2000000.00),('f621ca6a-a5a5-4211-8763-c971ec9e8567','pzh5fSmu','100db5a8-ad2d-4113-ae0d-edbf348d1531',2,700000.00,700000.00),('f657dac0-0318-4b38-8cc2-1e355ec643c5','7NyIcGF8','9a0d8dcc-2c70-43ef-9471-0689f15e5505',3,900000.00,840000.00),('f6a0728a-109f-4db6-a22f-aaa58016c2c5','2VvAOOvR','d76c49cb-5cce-4b7f-9172-a906dd5f3735',1,899998.00,899998.00),('f7437c46-8859-4d40-84e0-ce0a714c011f','Xdrk0RbG','19551acb-2e79-4af3-9c9e-40a9d810b4fc',1,590000.00,590000.00),('f991fdee-45c5-4439-b35b-928bff0362d2','RW6ISFYM','8b1e5393-f2a7-49d4-99a0-2960cbf961a8',1,2000000.00,2000000.00),('f9d43ff3-23b6-4c8d-b1d7-0f05ee65ef45','4hMpbHkR','d6a85b2c-cb5d-4aa3-a547-7a26368c4859',1,100000.00,10000.00),('f9dc0ed7-860f-46d7-b9da-f120805442df','RW6ISFYM','1186951b-d919-4de9-80aa-1f1d7e2b960a',1,4490000.00,4490000.00),('faf64713-789e-4780-a527-b8dc3236255e','fnbOl4NL','507ae948-b68f-411e-9cdc-d3ce8221afba',1,1000000.00,1000000.00),('fb5f6350-2159-4a7b-8677-cf4c5f71327d','LXOZDe56','09866daa-06d0-408c-851f-d3fc0ab0a37c',1,80000.00,80000.00),('fbc11c7b-8760-4af7-a449-ae1af95597a7','W9KkZDys','0f9e273c-5d5d-4fdd-bc2e-df4febdacc15',1,180000.00,180000.00),('fc64c5b8-6c5a-449f-828c-1e0ac97a6926','eeOh9V8k','09866daa-06d0-408c-851f-d3fc0ab0a37c',1,80000.00,80000.00),('fe09f5e5-3299-4724-9288-6dfc55a44ccb','vZnAzTi9','6d7ce3aa-13e5-4712-9ef8-d0e51e6264d6',1,590000.00,590000.00),('fe799cb7-39cd-4954-beea-94d5bb8c2c1b','6oeFaQW8','013eec02-e31b-41ef-9379-c9a032f1b69f',1,4500000.00,4500000.00),('ff055b3e-8b81-4188-aef5-115d5cb0a963','wCEEQ7zG','0f9e273c-5d5d-4fdd-bc2e-df4febdacc15',1,180000.00,170000.00),('ff15d458-c66e-4345-8506-e31d37c9e832','eB1u0GHi','013eec02-e31b-41ef-9379-c9a032f1b69f',1,4500000.00,4500000.00),('ff817afb-2cf0-423f-98c0-6759350a9294','Z6WwRnLt','09866daa-06d0-408c-851f-d3fc0ab0a37c',1,80000.00,80000.00);
/*!40000 ALTER TABLE `chitietdonhang` ENABLE KEYS */;
UNLOCK TABLES;

--
-- Table structure for table `chitietsanpham`
--

DROP TABLE IF EXISTS `chitietsanpham`;
/*!40101 SET @saved_cs_client     = @@character_set_client */;
/*!50503 SET character_set_client = utf8mb4 */;
CREATE TABLE `chitietsanpham` (
  `id` varchar(36) NOT NULL DEFAULT (uuid()),
  `SanPham` varchar(36) DEFAULT NULL,
  `size` float DEFAULT NULL,
  `SoLuong` bigint DEFAULT NULL,
  `TrangThai` bit(1) DEFAULT NULL,
  `ngaytao` datetime(6) DEFAULT NULL,
  `ngaycapnhap` datetime(6) DEFAULT NULL,
  PRIMARY KEY (`id`),
  KEY `CTSP_SanPham_idx` (`SanPham`),
  KEY `CTSP_Size_idx` (`size`),
  CONSTRAINT `CTSP_SanPham` FOREIGN KEY (`SanPham`) REFERENCES `sanpham` (`Ma`) ON DELETE CASCADE ON UPDATE CASCADE,
  CONSTRAINT `CTSP_Size` FOREIGN KEY (`size`) REFERENCES `size` (`Ma`) ON DELETE SET NULL ON UPDATE CASCADE,
  CONSTRAINT `FK22ehihg5i83q8ifbpp3gbj890` FOREIGN KEY (`SanPham`) REFERENCES `sanpham` (`Ma`) ON UPDATE CASCADE,
  CONSTRAINT `FK5k4j7pstdofbkd6lna7hs0qnd` FOREIGN KEY (`size`) REFERENCES `size` (`Ma`) ON UPDATE CASCADE
) ENGINE=InnoDB DEFAULT CHARSET=utf8mb4 COLLATE=utf8mb4_0900_ai_ci;
/*!40101 SET character_set_client = @saved_cs_client */;

--
-- Dumping data for table `chitietsanpham`
--

LOCK TABLES `chitietsanpham` WRITE;
/*!40000 ALTER TABLE `chitietsanpham` DISABLE KEYS */;
INSERT INTO `chitietsanpham` VALUES ('0076dc03-1a80-4234-8c30-8b7f42349d01','CONVERSE',43.5,14,_binary '','2023-11-06 10:00:14.594000','2024-10-30 22:21:11.352000'),('013eec02-e31b-41ef-9379-c9a032f1b69f','NIKE4',NULL,51,_binary '\0','2023-10-23 17:59:25.030000','2023-12-24 17:51:23.339000'),('09866daa-06d0-408c-851f-d3fc0ab0a37c','HAHAHA',39.5,0,_binary '\0','2023-11-06 10:00:44.892000','2023-12-12 15:50:04.764000'),('0f15f411-2764-4726-8cad-f957f4105fa4','SP2025',39,100,_binary '','2024-11-16 20:14:01.512000','2024-11-16 20:14:01.512000'),('0f9e273c-5d5d-4fdd-bc2e-df4febdacc15','124',41.5,69,_binary '','2023-11-06 09:59:32.163000','2024-04-30 18:15:22.874000'),('100db5a8-ad2d-4113-ae0d-edbf348d1531','CVAST',NULL,20,_binary '\0','2023-11-06 10:00:23.104000','2023-12-24 17:44:29.928000'),('1186951b-d919-4de9-80aa-1f1d7e2b960a','JORDAN4BLACK',41.5,15,_binary '','2023-11-06 10:01:01.483000','2023-12-19 11:45:27.855000'),('14d80d4d-3bd3-42d6-89cd-b611859e2dbe','8888',39,33,_binary '','2023-12-15 10:52:27.881000','2023-12-15 10:52:27.881000'),('154b50a5-76e0-43ce-9086-214eabd1f04e','HAHAHA',39,31,_binary '\0','2023-11-06 10:00:44.887000','2023-12-14 10:09:15.892000'),('158c7369-b805-43cf-b39e-29d8a23778e9','11111',NULL,98,_binary '\0','2023-12-15 10:33:47.296000','2023-12-15 10:33:47.296000'),('19551acb-2e79-4af3-9c9e-40a9d810b4fc','GV6',44.5,13,_binary '','2023-11-06 10:00:33.828000','2023-12-19 11:42:11.510000'),('19bebdf1-5445-41bd-90fe-d64c9262e5da','SPHOCLAI',39,10,_binary '','2024-10-30 22:16:49.656000','2024-10-30 22:16:49.656000'),('1a7057f8-0ef9-4e1d-a066-fd70b44f282a','SP2025',41,100,_binary '','2024-11-16 20:14:01.530000','2024-11-16 20:14:01.530000'),('1ad4e241-612a-48c9-ac0e-03d59e9e662b','GV6',39.5,32,_binary '\0','2023-11-06 10:00:33.820000','2023-12-13 09:19:24.306000'),('203e16e7-3127-46c1-bbbe-e7457bc6ab14','SPHOCLAI',39.5,10,_binary '','2024-10-30 22:17:01.078000','2024-10-30 22:17:01.078000'),('222aabcd-a764-418a-ba68-673ce089c20b','ADIDAS2PINK',41.5,87,_binary '','2023-12-15 15:04:33.804000','2023-12-19 11:42:11.520000'),('2a545596-8909-43c2-8b0f-5e07125e4a60','HGDFDVV',40.5,19,_binary '\0','2023-12-18 14:52:01.780000','2023-12-19 09:26:49.853000'),('2bec65ff-b6df-44ce-b06b-dc23abd54a6c','123',41.5,9,_binary '','2023-11-30 10:58:43.579000','2023-12-18 17:18:22.335000'),('3527a0e8-d809-4d08-93e1-dea19e56b053','11111',42.5,10,_binary '','2023-12-16 15:38:34.186000','2023-12-16 15:38:34.186000'),('3822f4f9-db2e-4d2b-8476-cf9f943ffa93','11111',40.5,10,_binary '','2023-11-06 09:59:14.736000','2023-12-16 15:38:34.171000'),('38ad29d9-8f2d-4c95-9213-0e6876864750','8',NULL,2,_binary '\0','2023-12-15 13:32:38.310000','2023-12-15 13:33:38.272000'),('3bb82391-abd2-466f-bcca-fd4b86adadd1','ZZZZZZZ',43,51,_binary '','2023-11-06 10:01:28.092000','2023-11-06 10:01:28.092000'),('3e02ea63-e216-4990-9076-4a3feedd2464','GV6',39,1,_binary '','2023-11-06 10:00:33.816000','2023-12-19 10:01:03.981000'),('3f08027e-d053-40a6-a3e0-a92583ba1504','JORDAN4BLACK',39,40,_binary '','2023-11-06 10:01:01.471000','2023-12-19 09:27:58.346000'),('401e11a7-edec-4b32-9631-eae457175c82','CONVERSE',45,29,_binary '','2023-11-06 10:00:14.605000','2023-12-19 09:25:05.726000'),('418a2ce7-2d2f-48a4-90b8-f82080f1051d','CVAST',41,32,_binary '','2023-11-06 10:00:23.113000','2023-11-06 10:00:23.113000'),('41ba32d9-9667-482d-a82f-117bb7c6fed5','CONVERSE',44.5,29,_binary '','2023-11-06 10:00:14.602000','2024-04-30 18:15:30.724000'),('424c6002-1cd7-4074-a13b-ff1796088f23','88888',40.5,444,_binary '','2023-12-15 11:18:47.106000','2023-12-15 11:18:47.106000'),('4461986a-f54d-4749-bce5-cccd2b003983','HAHAHA',NULL,31,_binary '\0','2023-11-06 10:00:44.895000','2023-12-15 10:34:49.313000'),('461a497e-7178-4115-9b30-98dec08693f1','GV6',NULL,32,_binary '\0','2023-11-06 10:00:33.824000','2024-04-30 18:15:27.708000'),('485ff164-ef50-4765-b62f-067e9e761b2c','22222',39,21,_binary '','2023-11-06 10:00:04.025000','2023-11-06 10:00:04.025000'),('4acba3fe-b311-440f-b11c-3c6da86cba3c','TESSS',39.5,2,_binary '','2023-12-15 08:58:48.117000','2023-12-15 09:01:53.278000'),('4ade73bc-668c-4d7c-95ad-20efac05f9d3','NIKE3',41,42,_binary '','2023-11-06 10:01:13.894000','2023-11-06 10:01:13.894000'),('4b5b789f-8b68-4d42-9153-90a329a2e907','NIKE3',39.5,42,_binary '','2023-11-06 10:01:13.890000','2023-12-15 10:34:46.113000'),('507ae948-b68f-411e-9cdc-d3ce8221afba','2222',42,50,_binary '','2023-10-23 17:58:36.067000','2023-12-19 09:20:57.385000'),('53cd3a11-3bcb-4630-986e-5d3404a2d426','VANSCLASSICBLACK',41.5,10,_binary '','2023-12-15 09:53:28.463000','2023-12-17 08:35:33.234000'),('572c4e3c-eb35-49f3-b322-8d6c514bebd3','124',40.5,93,_binary '','2023-11-06 09:59:32.155000','2023-12-18 16:18:01.584000'),('57621e72-273e-41aa-aeea-650e0b65267c','124',41,95,_binary '','2023-11-06 09:59:32.159000','2023-12-18 17:15:49.745000'),('57fada73-5f74-46d0-9f63-f6b464e5a712','ADIDAS2PINK',42,100,_binary '','2023-12-15 15:04:33.809000','2023-12-15 15:04:33.809000'),('5fb2dad6-2ee0-4bc8-a46e-36d90561b4b1','123',42.5,118,_binary '','2023-09-14 19:03:54.000000','2023-12-24 17:48:42.515000'),('5fc0e538-4abd-4467-9e29-498745460989','SPHOCLAI',40.5,10,_binary '','2024-10-30 22:17:01.088000','2024-10-30 22:17:01.088000'),('608b6fdc-3489-4bc8-8c84-01496f1b8b54','11111',42,10,_binary '','2023-12-16 15:38:34.180000','2023-12-16 15:38:34.180000'),('609306ee-5f4f-4409-9820-7a8482c0d22a','ZZZZZZZ',42.5,50,_binary '','2023-11-06 10:01:28.088000','2023-11-06 10:01:28.088000'),('60d889c1-45aa-49e3-96d8-2200803814c8','ADIASYEEZYRED',41,22,_binary '','2023-12-19 10:07:34.414000','2023-12-19 10:07:34.414000'),('64a60211-5c4d-435d-a699-10b7cc11394d','124',39,91,_binary '','2023-09-26 19:44:52.180000','2023-12-18 14:53:47.664000'),('689283f6-d650-4e87-b14b-e51d81061c7f','2222',39.5,71,_binary '','2023-11-06 09:59:45.260000','2024-12-08 07:53:00.566000'),('6d7ce3aa-13e5-4712-9ef8-d0e51e6264d6','GV6',45,31,_binary '','2023-11-06 10:00:33.831000','2023-12-16 08:27:49.110000'),('6e56bf60-9a7d-4cf2-bf95-ed198feb237e','8',39.5,55,_binary '\0','2023-12-15 13:36:00.737000','2023-12-15 13:46:30.329000'),('70bdc1d9-0b67-4ed5-83dc-0c82c8374ed3','CONVERALLSTARRED',41,18,_binary '','2023-12-13 18:01:54.960000','2023-12-13 18:01:54.960000'),('729f81c2-4356-4166-82f0-0b9cf87c5519','CONVERSE',42.5,22,_binary '','2023-11-06 10:00:14.590000','2024-04-30 18:17:24.225000'),('756c4a7b-44a7-4df2-b98c-e203ae4d2b5e','555',41,33,_binary '\0','2023-12-15 11:02:13.294000','2023-12-15 11:12:35.933000'),('757e40e5-b73b-4433-a95b-96c4de8d884f','SP0011',41.5,50,_binary '','2024-04-27 21:42:08.683000','2024-04-27 21:42:08.683000'),('792305cf-2dc2-4bc9-90b2-54ef14e9f39a','CVAST',40.5,35,_binary '','2023-11-06 10:00:23.109000','2023-12-13 09:27:32.968000'),('7b9df832-8783-4422-880f-c8e2b9443018','123',42,99,_binary '','2023-09-14 19:03:54.000000','2023-12-19 11:42:11.461000'),('810efd0a-fe44-43df-9fb7-e79dedfb1d33','HAHAHA',40.5,4,_binary '\0','2023-10-23 17:59:13.082000','2023-11-24 17:05:45.655000'),('8340763e-6bf6-4b9d-aeb6-491b4556958e','PHUOC2003',39.5,32,_binary '','2023-11-06 10:01:47.819000','2023-12-24 17:48:51.828000'),('852544a2-7d47-4e5b-bb75-32950c5c9da3','NIKEAIR',40.5,32,_binary '','2023-11-06 10:01:39.560000','2023-11-06 10:01:39.560000'),('87891b77-b285-4f85-b7c8-a8111896bc7e','SP2025',41.5,100,_binary '','2024-11-16 20:14:01.534000','2024-11-16 20:14:01.534000'),('881c1356-be27-433a-afc8-bc91117a9b32','GV6',41,300,_binary '','2024-04-27 21:36:19.101000','2024-04-27 21:36:19.101000'),('8b1e5393-f2a7-49d4-99a0-2960cbf961a8','ADIDASSTANSMITBLACK',39.5,9,_binary '','2023-12-19 10:06:12.059000','2023-12-19 10:06:12.059000'),('8b57f87f-6df8-4615-bdad-72cc1f83fb49','JORDAN4BLACK',39.5,42,_binary '','2023-11-06 10:01:01.476000','2023-11-06 10:01:01.476000'),('8c96e43e-c25f-4f95-a852-1c914a393cf4','ADIASYEEZYRED',42,22,_binary '','2023-12-19 10:07:34.431000','2023-12-19 10:07:34.431000'),('8d4e34a8-5b40-419a-ac3f-3ce9ff60faae','22222',39.5,21,_binary '','2023-11-06 10:00:04.031000','2023-11-06 10:00:04.031000'),('8f7b0e62-2d9a-4344-ae88-3fdadd866e2f','PHUOC2003',41,33,_binary '','2023-11-06 10:01:47.822000','2023-11-06 10:01:47.822000'),('90ac5dc1-1562-4b50-8748-5afacdfc9f05','ADIDASSTANSMITBLACK',41.5,10,_binary '','2023-12-19 10:06:12.066000','2023-12-19 10:06:12.066000'),('933ff41c-fdbc-4338-a2a7-5d50d4a18ddd','88888',43,444,_binary '','2023-12-15 11:18:47.112000','2023-12-15 11:18:47.112000'),('93d2aac4-e64a-4cd9-aa54-b93f2fbab956','22222',40.5,21,_binary '','2023-11-06 10:00:04.035000','2023-12-11 10:31:39.644000'),('9a0d8dcc-2c70-43ef-9471-0689f15e5505','11111',NULL,0,_binary '\0','2023-12-15 10:44:06.711000','2023-12-15 10:44:06.711000'),('9b1febea-e289-4503-a7a3-1802b432e59b','CONVERSE',NULL,25,_binary '\0','2023-11-06 10:00:14.598000','2023-11-06 10:00:14.598000'),('9c2c6498-a190-4fb9-8f37-09fd13f77e47','SP0011',40.5,50,_binary '','2024-04-27 21:42:08.665000','2024-04-27 21:42:08.665000'),('9ccfe451-44c4-42c0-83f8-96d707119dbf','ADIDAS2PINK',41,2,_binary '','2023-12-15 15:05:06.371000','2024-04-30 18:15:30.724000'),('9ee993c6-895d-451d-a419-63f7a592d927','ADIDAS2PINK',40.5,30,_binary '','2023-12-15 15:04:33.788000','2023-12-15 15:04:33.788000'),('9f489bd2-ab5b-4798-b9d2-67cfa9c09424','NIKEAIR',41,33,_binary '','2023-11-06 10:01:39.564000','2023-11-06 10:01:39.564000'),('a443f887-3b14-4aa9-9914-13a2cd74ff4d','ADIASYEEZYRED',41.5,19,_binary '','2023-12-19 10:07:34.422000','2023-12-19 10:07:34.422000'),('a44ae636-6dce-4d98-8533-825c765b6cb1','TESSS',41.5,12,_binary '','2023-12-15 08:58:48.133000','2023-12-15 08:58:48.133000'),('a893a25e-80f7-490c-a677-50f683dfce3c','123',NULL,3,_binary '\0','2023-12-15 13:32:20.819000','2023-12-15 13:32:20.819000'),('ab95bff1-7b26-4341-a814-e5d154b8bda2','123',40.5,16,_binary '','2023-11-06 10:00:51.405000','2024-04-30 18:17:20.476000'),('ac1c7020-838e-4519-9ebe-c04ba6baf556','SP2025',40.5,100,_binary '','2024-11-16 20:14:01.526000','2024-11-16 20:14:01.526000'),('af9f1414-4d9f-488b-b05e-4e4fce00324c','CONVERSE',41,5,_binary '','2023-10-23 17:58:48.350000','2024-04-30 18:17:17.776000'),('b0ee81d7-ad10-4ad6-84e8-71300c3d2c74','ZZZZZZZ',43.5,51,_binary '','2023-11-06 10:01:28.095000','2023-11-06 10:01:28.095000'),('b10b3f7e-b933-4cee-bff9-6a199704a0a0','TESSS',41,11,_binary '','2023-12-15 08:58:48.129000','2023-12-15 08:58:48.129000'),('b1b514f3-5d41-4b8b-9927-0a3c7f42d0a0','22222',45,21,_binary '','2023-11-06 10:00:04.043000','2023-11-06 10:00:04.043000'),('b4109261-ed21-4bef-b937-82af850c9f97','8888',40.5,30,_binary '','2023-12-15 10:52:27.887000','2023-12-15 10:52:27.887000'),('b50559a3-609c-411b-9925-db744420b05c','CONVERALLSTARRED',40.5,22,_binary '','2023-12-13 18:01:54.951000','2023-12-13 18:01:54.951000'),('b517e29e-bd72-4803-83da-11e869fd135b','NIKE3',39,41,_binary '','2023-11-06 10:01:13.885000','2023-11-06 10:01:13.885000'),('b6f355ef-dd96-46b7-9d1a-4b79ce775ba1','SP2025',39.5,100,_binary '','2024-11-16 20:14:01.517000','2024-11-16 20:14:01.517000'),('bbff1971-ca71-4899-adb7-e6b7788e7d76','124',39.5,94,_binary '','2023-11-06 09:59:32.143000','2023-12-13 09:18:17.114000'),('bf683900-33e1-4f43-8cef-7759b7a70c91','11111',41.5,0,_binary '','2023-11-22 21:01:21.961000','2023-11-22 21:01:21.961000'),('c038366c-e70e-43ea-962d-babdb87ec194','NIKEAIR',39.5,33,_binary '','2023-11-06 10:01:39.551000','2023-11-06 10:01:39.551000'),('c305477f-d352-4525-bbac-57c3829ca211','VANSOLDSCHOOLBLACK',40.5,100,_binary '','2023-12-09 15:25:39.752000','2023-12-09 15:25:39.752000'),('c51905ac-d3b2-4f89-a5d6-93e1cb3fa3db','CVAST',41.5,18,_binary '','2023-10-23 17:58:59.967000','2023-11-24 16:29:51.869000'),('c66ac723-81f9-4b0a-abf9-9cad899fcb41','ZZZZZZZ',41.5,51,_binary '','2023-11-06 10:01:28.083000','2023-11-06 10:01:28.083000'),('c69ef046-cec8-4c47-bc14-e637a65aa71b','SPDA2003',40.5,498,_binary '','2024-04-29 15:23:57.469000','2024-04-29 15:23:57.469000'),('ca65788d-94b0-41d6-8a33-41c71d91403f','22222',41.5,20,_binary '','2023-11-06 10:00:04.039000','2023-12-15 15:06:50.502000'),('ca675fd1-a953-408d-bf4c-a25cdb99f9ff','123',43,1,_binary '','2023-12-01 10:56:33.442000','2023-12-19 11:42:11.464000'),('caebfc54-56de-432b-ab6f-e80e04715e1d','TESSS',40.5,12,_binary '','2023-12-15 08:58:48.125000','2023-12-15 08:58:48.125000'),('d518075b-77b0-4806-a9e7-09a37d778d39','2222',NULL,88,_binary '\0','2023-11-06 09:59:45.265000','2023-11-24 17:07:06.064000'),('d5237c76-67db-4125-a745-33f3fa8f55d3','11111',39.5,104,_binary '','2023-11-06 09:59:14.694000','2023-11-06 09:59:14.694000'),('d55f4edc-db82-4969-919b-b90071dbda35','88888',NULL,442,_binary '\0','2023-12-15 11:18:47.119000','2023-12-15 11:19:31.609000'),('d6a85b2c-cb5d-4aa3-a547-7a26368c4859','124',NULL,101,_binary '\0','2023-11-06 09:59:32.150000','2023-11-24 17:05:45.661000'),('d6d35fd0-a4d8-4e78-857f-71debf3fa79e','VANSCLASSICBLACK',41,11,_binary '','2023-12-15 09:53:28.458000','2023-12-15 09:53:28.458000'),('d76c49cb-5cce-4b7f-9172-a906dd5f3735','123',39.5,0,_binary '','2023-09-14 10:47:27.000000','2023-12-19 11:42:11.467000'),('dba64f48-6f8e-43e1-96f4-0b46c5dee96e','123',41,0,_binary '','2023-11-06 10:00:51.410000','2023-11-06 10:00:51.410000'),('e0863558-3973-4178-9b75-022331880525','11111',43,9,_binary '','2023-12-16 15:38:34.192000','2023-12-16 15:38:34.192000'),('e1982bec-cfd6-46cc-bb00-562c5386924a','ADIDASSAMBA1',40.5,12,_binary '','2023-12-15 10:00:36.393000','2023-12-16 16:01:18.351000'),('e3568307-fa4c-4328-86d3-b6deb49d0488','PHUOC2003',39,33,_binary '','2023-11-06 10:01:47.815000','2023-11-06 10:01:47.815000'),('e4a6e122-d49b-4134-994d-4c06be943420','123',39,105,_binary '\0','2023-09-14 10:47:27.000000','2023-12-11 10:31:39.634000'),('e56e7577-a66f-42ad-a6c7-cbc80c95c450','88888',43.5,441,_binary '','2023-12-15 11:18:47.116000','2023-12-15 11:20:13.997000'),('e9e491c5-9d9e-44fc-8ac5-681a31bff89e','NIKEAIR',41.5,33,_binary '','2023-11-06 10:01:39.567000','2023-11-06 10:01:39.567000'),('ec1f456e-827c-446f-bf80-6590846b73e5','124',42,100,_binary '','2023-11-06 09:59:32.167000','2023-11-06 09:59:32.167000'),('ec330e5e-4e92-4d5d-a998-03c420d488f6','NIKE3',45,42,_binary '','2023-11-06 10:01:13.898000','2023-11-06 10:01:13.898000'),('f2b2b189-5084-41cb-8b65-b6bf041194d8','ADIDASSAMBA1',41.5,12,_binary '','2023-12-15 10:00:36.398000','2023-12-15 10:00:36.398000'),('f760f306-73d9-4281-842e-0765fc09be74','VANSOLDSCHOOLBLACK',39.5,100,_binary '','2023-12-09 15:25:39.739000','2023-12-09 15:25:39.739000'),('fbc41b4a-17b9-4568-811f-4d6b68bfa846','SP0011',39.5,500,_binary '','2024-04-27 21:42:08.644000','2024-04-27 21:42:08.644000');
/*!40000 ALTER TABLE `chitietsanpham` ENABLE KEYS */;
UNLOCK TABLES;

--
-- Table structure for table `danhsachyeuthich`
--

DROP TABLE IF EXISTS `danhsachyeuthich`;
/*!40101 SET @saved_cs_client     = @@character_set_client */;
/*!50503 SET character_set_client = utf8mb4 */;
CREATE TABLE `danhsachyeuthich` (
  `id` varchar(255) NOT NULL,
  `SanPham` varchar(50) DEFAULT NULL,
  `KhachHang` varchar(20) DEFAULT NULL,
  PRIMARY KEY (`id`),
  KEY `DSYT_SanPham_idx` (`SanPham`),
  KEY `DSYT_KhachHang_idx` (`KhachHang`),
  CONSTRAINT `DSYT_KhachHang` FOREIGN KEY (`KhachHang`) REFERENCES `khachhang` (`username`) ON DELETE CASCADE ON UPDATE CASCADE,
  CONSTRAINT `DSYT_SanPham` FOREIGN KEY (`SanPham`) REFERENCES `sanpham` (`Ma`) ON DELETE CASCADE ON UPDATE CASCADE
) ENGINE=InnoDB DEFAULT CHARSET=utf8mb4 COLLATE=utf8mb4_0900_ai_ci;
/*!40101 SET character_set_client = @saved_cs_client */;

--
-- Dumping data for table `danhsachyeuthich`
--

LOCK TABLES `danhsachyeuthich` WRITE;
/*!40000 ALTER TABLE `danhsachyeuthich` DISABLE KEYS */;
/*!40000 ALTER TABLE `danhsachyeuthich` ENABLE KEYS */;
UNLOCK TABLES;

--
-- Table structure for table `diachi`
--

DROP TABLE IF EXISTS `diachi`;
/*!40101 SET @saved_cs_client     = @@character_set_client */;
/*!50503 SET character_set_client = utf8mb4 */;
CREATE TABLE `diachi` (
  `id` bigint NOT NULL AUTO_INCREMENT,
  `KhachHang` varchar(20) DEFAULT NULL,
  `ThanhPhoCode` int DEFAULT NULL,
  `QuanHuyenCode` int DEFAULT NULL,
  `xaphuongCode` varchar(255) DEFAULT NULL,
  `diachichitiet` varchar(255) DEFAULT NULL,
  `thanhphoname` varchar(255) DEFAULT NULL,
  `quanhuyenname` varchar(255) DEFAULT NULL,
  `xaphuongName` varchar(255) DEFAULT NULL,
  `email` varchar(255) DEFAULT NULL,
  `sodienthoai` varchar(255) DEFAULT NULL,
  `tennguoinhan` varchar(255) DEFAULT NULL,
  `macDinh` bit(1) DEFAULT NULL,
  PRIMARY KEY (`id`),
  KEY `DiaChi_KhachHang_idx` (`KhachHang`),
  CONSTRAINT `DiaChi_KhachHang` FOREIGN KEY (`KhachHang`) REFERENCES `khachhang` (`username`) ON DELETE CASCADE ON UPDATE CASCADE
) ENGINE=InnoDB AUTO_INCREMENT=16 DEFAULT CHARSET=utf8mb4 COLLATE=utf8mb4_0900_ai_ci;
/*!40101 SET character_set_client = @saved_cs_client */;

--
-- Dumping data for table `diachi`
--

LOCK TABLES `diachi` WRITE;
/*!40000 ALTER TABLE `diachi` DISABLE KEYS */;
INSERT INTO `diachi` VALUES (7,'baphuoc',252,1783,'610802','Liên hà','Cà Mau','Huyện Năm Căn','Xã Đất Mới',NULL,NULL,NULL,_binary ''),(8,'baphuoc',265,1923,'620319','Liên hà b','Điện Biên','Huyện Điện Biên','Xã Thanh An',NULL,NULL,NULL,_binary '\0'),(9,'baphuoc',260,2206,'390604','Liên hà b','Phú Yên','Huyện Sông Hinh','Xã Ea Bá',NULL,NULL,NULL,_binary '\0'),(10,'baphuoc',260,2206,'390603','Liên hà b','Phú Yên','Huyện Sông Hinh','Xã Đức Bình Tây',NULL,NULL,NULL,_binary '\0');
/*!40000 ALTER TABLE `diachi` ENABLE KEYS */;
UNLOCK TABLES;

--
-- Table structure for table `dongsanpham`
--

DROP TABLE IF EXISTS `dongsanpham`;
/*!40101 SET @saved_cs_client     = @@character_set_client */;
/*!50503 SET character_set_client = utf8mb4 */;
CREATE TABLE `dongsanpham` (
  `id` varchar(36) NOT NULL DEFAULT (uuid()),
  `ten` varchar(255) DEFAULT NULL,
  `ThuongHieu` varchar(36) DEFAULT NULL,
  `ngaytao` datetime(6) DEFAULT NULL,
  `ngaycapnhat` datetime(6) DEFAULT NULL,
  PRIMARY KEY (`id`),
  KEY `FK2g9isxcw3ry0tpkusv9f7crsx` (`ThuongHieu`),
  CONSTRAINT `DongSP_ThuongHieu` FOREIGN KEY (`ThuongHieu`) REFERENCES `thuonghieu` (`id`) ON DELETE CASCADE ON UPDATE CASCADE,
  CONSTRAINT `FK2g9isxcw3ry0tpkusv9f7crsx` FOREIGN KEY (`ThuongHieu`) REFERENCES `thuonghieu` (`id`)
) ENGINE=InnoDB DEFAULT CHARSET=utf8mb4 COLLATE=utf8mb4_0900_ai_ci;
/*!40101 SET character_set_client = @saved_cs_client */;

--
-- Dumping data for table `dongsanpham`
--

LOCK TABLES `dongsanpham` WRITE;
/*!40000 ALTER TABLE `dongsanpham` DISABLE KEYS */;
INSERT INTO `dongsanpham` VALUES ('1515fb6a-ab38-49f2-a30f-9b6b6183efb6','1970s','2a1fcece-9a72-459b-a051-8dc67e5c9ac8','2023-12-14 09:13:32.000000','2023-12-14 09:13:32.000000'),('15284026-c031-49e4-a23e-e9bd52c93048','Nike x Fear of god','c413a9fb-51de-4a92-9946-c77e0f3dcc99','2023-10-09 10:48:04.000000','2023-10-09 10:48:04.000000'),('3eaa9fca-4f86-11ee-8a18-ee19b027b30c','All Star','2a1fcece-9a72-459b-a051-8dc67e5c9ac8','2023-12-14 09:13:32.000000','2023-12-14 09:13:32.000000'),('484d00a5-70ee-4282-abe9-2e6695ae70a6','ad1','5c832b42-c43c-4517-bd39-23f14631f8b5','2023-12-18 17:11:47.239000','2023-12-18 17:11:47.239000'),('55472717-6bd7-47a8-8a8d-45dd21fdb7de','Stan smith','5c832b42-c43c-4517-bd39-23f14631f8b5','2023-10-08 19:17:16.000000','2023-10-08 19:17:16.000000'),('6fb42780-674c-47e3-9d2a-0416fa9df406','PUma 1','fee9cf83-358f-46ce-aec9-9b1f8dd626c5','2023-12-10 16:20:04.676000','2023-12-10 16:20:04.676000'),('7c11f0dd-c486-49a0-b408-cc50f17ed64a','Yeezy','5c832b42-c43c-4517-bd39-23f14631f8b5','2023-10-08 19:16:29.000000','2023-10-08 19:16:29.000000'),('87a588a2-1a93-480f-a5b5-4383be45d209','dong cv1','2a1fcece-9a72-459b-a051-8dc67e5c9ac8','2023-12-16 15:34:43.327000','2023-12-16 15:34:43.327000'),('9a1a554d-19ea-4b91-abee-69f5140e7283','Nike SB','c413a9fb-51de-4a92-9946-c77e0f3dcc99','2023-10-09 10:39:36.000000','2023-10-09 10:39:36.000000'),('9f7fbd5b-eced-4d4a-bb79-4caca60aacaf','Jordan','c413a9fb-51de-4a92-9946-c77e0f3dcc99','2023-10-08 19:16:52.000000','2023-10-08 19:16:52.000000'),('a560738b-07b2-49ba-848f-f31a65654c97','puma 3','fee9cf83-358f-46ce-aec9-9b1f8dd626c5','2023-12-13 19:53:13.450000','2023-12-13 19:53:13.450000'),('afb08a82-ce6e-4980-aa22-2acd9237e851','vans 1111','874c4e1e-61a7-4144-a8e8-49fe8c61ca46','2023-12-18 14:47:48.109000','2023-12-18 14:47:48.109000'),('b521b332-fdd7-447d-ba78-e506c18991fe','Classic','874c4e1e-61a7-4144-a8e8-49fe8c61ca46','2023-10-08 19:18:00.000000','2023-10-08 19:18:00.000000'),('b66487c4-4333-49cd-a483-2b15975bfbbc','Adidas2','5c832b42-c43c-4517-bd39-23f14631f8b5','2023-12-15 14:51:46.965000','2023-12-15 14:51:46.965000'),('b7d39165-0211-4853-a71b-731ae131f326','adidas 1','5c832b42-c43c-4517-bd39-23f14631f8b5','2023-12-10 16:23:21.399000','2023-12-10 16:23:21.399000'),('d35ea38c-8c1f-4fc6-bed9-4af691437828','nike1','c413a9fb-51de-4a92-9946-c77e0f3dcc99','2023-12-12 15:35:39.800000','2023-12-12 15:35:39.800000'),('ddf01e95-36b5-456e-91d6-eceba665de39','Nike SB','874c4e1e-61a7-4144-a8e8-49fe8c61ca46','2023-10-08 20:01:26.000000','2023-10-08 20:01:26.000000'),('e45f0c77-cceb-423f-bf25-0a513c004e72','puma6','fee9cf83-358f-46ce-aec9-9b1f8dd626c5','2023-12-10 16:39:44.901000','2023-12-10 16:39:44.901000'),('eb275f9f-5600-4174-81e9-d0ef45e90c7f','Old school','874c4e1e-61a7-4144-a8e8-49fe8c61ca46','2023-10-08 19:16:41.000000','2023-10-08 19:16:41.000000'),('f4c8468d-1d39-4928-a7f3-816230f64198','Nike ari','c413a9fb-51de-4a92-9946-c77e0f3dcc99','2023-12-14 09:13:32.000000','2023-12-14 09:13:32.812000');
/*!40000 ALTER TABLE `dongsanpham` ENABLE KEYS */;
UNLOCK TABLES;

--
-- Table structure for table `donhang`
--

DROP TABLE IF EXISTS `donhang`;
/*!40101 SET @saved_cs_client     = @@character_set_client */;
/*!50503 SET character_set_client = utf8mb4 */;
CREATE TABLE `donhang` (
  `Ma` varchar(50) NOT NULL,
  `KhachHang` varchar(20) DEFAULT NULL,
  `Voucher` varchar(36) DEFAULT NULL,
  `tennguoinhan` varchar(255) DEFAULT NULL,
  `sodienthoai` varchar(255) DEFAULT NULL,
  `email` varchar(255) DEFAULT NULL,
  `thanhpho_name` varchar(255) DEFAULT NULL,
  `ThanhPho_Code` int DEFAULT NULL,
  `quanhuyen_name` varchar(255) DEFAULT NULL,
  `QuanHuyen_Code` int DEFAULT NULL,
  `xaphuong_name` varchar(255) DEFAULT NULL,
  `xaphuong_Code` varchar(255) DEFAULT NULL,
  `diachichitiet` varchar(255) DEFAULT NULL,
  `ngaydathang` datetime(6) DEFAULT NULL,
  `trangthai` int DEFAULT NULL,
  `ghichu` varchar(255) DEFAULT NULL,
  `tiengiam` decimal(38,2) DEFAULT NULL,
  `phigiaohang` decimal(38,2) DEFAULT NULL,
  `phuongThucThanhToan` bit(1) DEFAULT NULL,
  `lyDoHuy` varchar(255) DEFAULT NULL,
  `maGiaoDich` varchar(45) DEFAULT NULL,
  `ngayxacnhan` datetime(6) DEFAULT NULL,
  `ngaygiaohang` datetime(6) DEFAULT NULL,
  `ngayhoanthanh` datetime(6) DEFAULT NULL,
  `ngayhuy` datetime(6) DEFAULT NULL,
  `loai` int NOT NULL DEFAULT '0',
  `nhanvien` varchar(45) DEFAULT NULL,
  PRIMARY KEY (`Ma`),
  KEY `DonHang_Voucher_idx` (`Voucher`),
  KEY `DonHang_KhachHang_idx` (`KhachHang`),
  KEY `DonHang_NhanVien_idx` (`nhanvien`),
  CONSTRAINT `DonHang_KhachHang` FOREIGN KEY (`KhachHang`) REFERENCES `khachhang` (`username`) ON UPDATE CASCADE,
  CONSTRAINT `DonHang_NhanVien` FOREIGN KEY (`nhanvien`) REFERENCES `nhanvien` (`username`),
  CONSTRAINT `DonHang_Voucher` FOREIGN KEY (`Voucher`) REFERENCES `voucher` (`Ma`) ON UPDATE CASCADE
) ENGINE=InnoDB DEFAULT CHARSET=utf8mb4 COLLATE=utf8mb4_0900_ai_ci;
/*!40101 SET character_set_client = @saved_cs_client */;

--
-- Dumping data for table `donhang`
--

LOCK TABLES `donhang` WRITE;
/*!40000 ALTER TABLE `donhang` DISABLE KEYS */;
INSERT INTO `donhang` VALUES ('07FcX807',NULL,NULL,'PHước','0971373306',NULL,'a',1,'a',1,'a','12','a','2024-11-10 10:30:00.000000',4,NULL,0.00,0.00,_binary '',NULL,NULL,'2024-11-10 10:30:00.000000','2024-11-10 10:30:00.000000','2024-11-10 10:30:00.000000','2024-11-10 10:30:00.000000',1,'hieuchinh'),('0DaBxwgd',NULL,NULL,'Nguyễn Bá Phước','0971373306','baphuoc03@gmail.com','Sơn La',266,'Huyện Quỳnh Nhai',2204,'Xã Mường Giôn','140208','Nguyễn Bá Phước','2024-11-10 10:30:00.000000',4,NULL,0.00,34000.00,_binary '\0',NULL,NULL,'2024-11-10 10:30:00.000000','2024-11-10 10:30:00.000000','2024-11-10 10:30:00.000000','2024-11-10 10:30:00.000000',0,NULL),('0g6jvKN4',NULL,NULL,'Rooney','0987654321','vuongdo2903@gmail.com','Cao Bằng',246,'Huyện Bảo Lâm',1890,'Xã Đức Hạnh','61202','sss','2024-11-10 10:30:00.000000',4,NULL,0.00,34000.00,_binary '',NULL,NULL,'2024-11-10 10:30:00.000000','2024-11-10 10:30:00.000000','2024-11-10 10:30:00.000000','2024-11-10 10:30:00.000000',0,NULL),('0hxuWIUJ',NULL,NULL,'Nguyễn Bá Phước','0971373306','baphuoc03@gmail.com','Hòa Bình',267,'Huyện Lạc Sơn',2156,'Xã Văn Nghĩa','230524','Liên hà','2024-11-10 10:30:00.000000',4,NULL,0.00,34000.00,_binary '',NULL,NULL,'2024-11-10 10:30:00.000000','2024-11-10 10:30:00.000000','2024-11-10 10:30:00.000000','2024-11-10 10:30:00.000000',0,NULL),('1CwvJJQL',NULL,NULL,'1233','0971373306',NULL,'a',1,'a',1,'a','12','a','2024-11-10 10:30:00.000000',4,NULL,0.00,0.00,_binary '\0',NULL,NULL,'2024-11-10 10:30:00.000000','2024-11-10 10:30:00.000000','2024-11-10 10:30:00.000000','2024-11-10 10:30:00.000000',1,NULL),('285IJ6Co',NULL,'ZGBSS01D','Nguyễn Bá Phước','0987654321','dvtuan282@gmail.com','Hưng Yên',268,'Huyện Văn Lâm',2046,'Xã Minh Hải','220908','Duowng vab tuan','2024-11-10 10:30:00.000000',4,NULL,30000.00,34000.00,_binary '\0',NULL,NULL,'2024-11-10 10:30:00.000000','2024-11-10 10:30:00.000000','2024-12-08 08:24:25.329000','2024-11-10 10:30:00.000000',0,NULL),('2VvAOOvR',NULL,NULL,'Nguyễn Bá Phước','0971373306','baphuoc03@gmail.com','Điện Biên',265,'Huyện Mường Ảng',2170,'Xã Mường Lạn','620907','Nguyễn Bá Phước','2024-11-10 10:30:00.000000',4,NULL,0.00,34000.00,_binary '',NULL,NULL,'2024-11-10 10:30:00.000000','2024-11-10 10:30:00.000000','2024-11-10 10:30:00.000000','2024-11-10 10:30:00.000000',0,NULL),('30rIDtzn',NULL,NULL,'Nguyễn Bá Phước','0971373306','baphuoc03@gmail.com','Hòa Bình',267,'Huyện Lạc Thủy',2157,'Thị Trấn Ba Hàng Đồi','800046','qwe','2024-11-10 10:30:00.000000',0,NULL,0.00,34000.00,_binary '','nn',NULL,'2024-11-10 10:30:00.000000','2024-11-10 10:30:00.000000','2024-11-10 10:30:00.000000','2024-11-10 10:30:00.000000',0,NULL),('3f3mkFDo',NULL,NULL,'Khách lẻ','0000000000',NULL,'a',1,'a',1,'a','12','a','2024-11-10 10:30:00.000000',0,NULL,0.00,0.00,_binary '','Huy',NULL,'2024-11-10 10:30:00.000000','2024-11-10 10:30:00.000000','2024-11-10 10:30:00.000000','2024-11-10 10:30:00.000000',1,'hieuchinh'),('3NR54UE8',NULL,NULL,'Nguyễn Bá Phước','0971373306','baphuoc03@gmail.com','Hà Nội',201,'Huyện Đan Phượng',1804,'Xã Liên Hà','1B2206','Liên hà','2024-11-10 10:30:00.000000',0,NULL,0.00,29000.00,_binary '','k',NULL,'2024-11-10 10:30:00.000000','2024-11-10 10:30:00.000000','2024-11-10 10:30:00.000000','2024-11-10 10:30:00.000000',0,NULL),('3QTagcx1',NULL,NULL,'Khách lẻ','0000000000',NULL,'a',1,'a',1,'a','12','a','2024-11-10 10:30:00.000000',4,NULL,0.00,0.00,_binary '',NULL,NULL,'2024-11-10 10:30:00.000000','2024-11-10 10:30:00.000000','2024-11-10 10:30:00.000000','2024-11-10 10:30:00.000000',1,'hieuchinh'),('3voZk6Ka',NULL,NULL,'Khách lẻ','0000000000',NULL,'a',1,'a',1,'a','12','a','2024-11-10 10:30:00.000000',4,NULL,0.00,0.00,_binary '',NULL,NULL,'2024-11-10 10:30:00.000000','2024-11-10 10:30:00.000000','2024-11-10 10:30:00.000000','2024-11-10 10:30:00.000000',1,'hieuchinh'),('4AkMW7o8',NULL,'2ELUCKRF','Nguyễn Bá Phước','0971373306','baphuoc03@gmail.com','Sơn La',266,'Huyện Sông Mã',2007,'Xã Huổi Một','140910','Nguyễn Bá Phước','2024-11-10 10:30:00.000000',4,NULL,30000.00,34000.00,_binary '',NULL,NULL,'2024-11-10 10:30:00.000000','2024-11-10 10:30:00.000000','2024-11-10 10:30:00.000000','2024-11-10 10:30:00.000000',0,NULL),('4axH1MoR',NULL,NULL,'PHước','0971373306','vuongdo2903@gmail.com','Phú Thọ',229,'Huyện Hạ Hòa',1938,'Xã Lệnh Khanh','150518','Nỏ Bạn','2024-11-10 10:30:00.000000',4,NULL,0.00,34000.00,_binary '',NULL,NULL,'2024-11-10 10:30:00.000000','2024-11-10 10:30:00.000000','2024-11-10 10:30:00.000000','2024-11-10 10:30:00.000000',0,NULL),('4GZtOVbr',NULL,'2ELUCKRF','phước','0971373306','baphuoc03@gmail.com','Hòa Bình',267,'Huyện Kim Bôi',2146,'Xã Vĩnh Đồng','230827','Nguyễn Bá Phước','2024-11-10 10:30:00.000000',4,NULL,1000.00,34000.00,_binary '\0',NULL,NULL,'2024-11-10 10:30:00.000000','2024-11-10 10:30:00.000000','2024-11-10 10:30:00.000000','2024-11-10 10:30:00.000000',0,NULL),('4hMpbHkR',NULL,NULL,'Nguyễn Bá Phước','0971373306','baphuco03@gmail.com','Hà Nội',201,'Huyện Đan Phượng',1804,'Xã Liên Hà','1B2206','Liên hà','2024-11-10 10:30:00.000000',0,NULL,0.00,0.00,_binary '','er',NULL,'2024-11-10 10:30:00.000000','2024-11-10 10:30:00.000000','2024-11-10 10:30:00.000000','2024-11-10 10:30:00.000000',0,NULL),('4WybOLm4',NULL,NULL,'Phạm Tuấn Anh','0984732721',NULL,'a',1,'a',1,'a','12','a','2024-11-10 10:30:00.000000',4,NULL,0.00,0.00,_binary '',NULL,NULL,'2024-11-10 10:30:00.000000','2024-11-10 10:30:00.000000','2024-11-10 10:30:00.000000','2024-11-10 10:30:00.000000',1,'hieuchinh'),('57JkHOIE',NULL,NULL,'phước','0971373306','baphuoc03@gmail.com','Sơn La',266,'Huyện Sông Mã',2007,'Xã Mường Hung','140912','ád','2024-11-10 10:30:00.000000',0,NULL,0.00,34000.00,_binary '','sdf',NULL,'2024-11-10 10:30:00.000000','2024-11-10 10:30:00.000000','2024-11-10 10:30:00.000000','2024-11-10 10:30:00.000000',0,NULL),('5SIKxceE',NULL,'K3ISG0OP','Rooney','0987654321','vuongdo2903@gmail.com','Hà Nội',201,'Huyện Mê Linh',1581,'Thị trấn Quang Minh','1B2902','sasaasas','2024-11-10 10:30:00.000000',0,NULL,100000.00,29000.00,_binary '','Nghi le',NULL,'2024-11-10 10:30:00.000000','2024-11-10 10:30:00.000000','2024-11-10 10:30:00.000000','2024-11-10 10:30:00.000000',0,NULL),('6cAsuDzb',NULL,'ZGBSS01D','Nguyễn Bá Phước1','0971373306','baphuoc03@gmail.com','Yên Bái',263,'Huyện Văn Yên',2047,'Xã Yên Hưng','130325','hdhhd','2024-11-10 10:30:00.000000',3,NULL,30000.00,34000.00,_binary '\0',NULL,NULL,'2024-11-10 10:30:00.000000','2024-11-10 10:30:00.000000','2024-11-10 10:30:00.000000','2024-11-10 10:30:00.000000',0,NULL),('6EHPNert',NULL,NULL,'Khách lẻ','0000000000',NULL,'a',1,'a',1,'a','12','a','2024-11-10 10:30:00.000000',4,NULL,0.00,0.00,_binary '',NULL,NULL,'2024-11-10 10:30:00.000000','2024-11-10 10:30:00.000000','2024-11-10 10:30:00.000000','2024-11-10 10:30:00.000000',1,'hieuchinh'),('6GW3gyuH','baphuoc',NULL,'Nguyễn Bá Phước','0971373306','cccc@fdf.vsdv','Cà Mau',252,'Huyện Năm Căn',1783,'Xã Đất Mới','610802','Liên hà','2024-12-06 23:09:36.139000',0,NULL,0.00,39001.00,_binary '','sxdv',NULL,NULL,NULL,NULL,'2024-12-08 07:53:00.534000',0,NULL),('6n1ddubN',NULL,NULL,'Nguyễn Bá Phước','0971373306','baphuoc03@gmail.com','Hà Nội',201,'Huyện Đan Phượng',1804,'Xã Liên Hà','1B2206','Liên hà','2024-11-10 10:30:00.000000',4,NULL,0.00,29000.00,_binary '',NULL,NULL,'2024-11-10 10:30:00.000000','2024-11-10 10:30:00.000000','2024-11-10 10:30:00.000000','2024-11-10 10:30:00.000000',0,NULL),('6oeFaQW8',NULL,NULL,'Nguyễn Bá Phước','0971373306','baphuoc03@gmail.com','Hòa Bình',267,'Huyện Mai Châu',2163,'Xã Thành Sơn','800050','qwe','2024-11-10 10:30:00.000000',4,'qwe',0.00,34000.00,_binary '',NULL,NULL,'2024-11-10 10:30:00.000000','2024-11-10 10:30:00.000000','2024-11-10 10:30:00.000000','2024-11-10 10:30:00.000000',0,NULL),('6Vr1ecq4',NULL,'WE08CAAN','Duowng Van Tuan','0987654321','dvtuan282@gmail.com','Bình Định',262,'Huyện An Lão',1886,'Xã An Hòa','370203','111','2024-11-10 10:30:00.000000',4,NULL,100000.00,39001.00,_binary '',NULL,NULL,'2024-11-10 10:30:00.000000','2024-11-10 10:30:00.000000','2024-11-10 10:30:00.000000','2024-11-10 10:30:00.000000',0,NULL),('6Z4bizYx',NULL,NULL,'Dương Văn Tuấn','0987654321',NULL,'a',1,'a',1,'a','12','a','2024-11-10 10:30:00.000000',4,NULL,0.00,0.00,_binary '',NULL,NULL,'2024-11-10 10:30:00.000000','2024-11-10 10:30:00.000000','2024-11-10 10:30:00.000000','2024-11-10 10:30:00.000000',1,'hieuchinh'),('7n5YUo6T',NULL,NULL,'sss','0987654321','vuongdo2903@gmail.com','Cao Bằng',246,'Thành phố Cao Bằng',1641,'Xã Hưng Đạo','60110','sss','2024-11-10 10:30:00.000000',1,NULL,0.00,29000.00,_binary '',NULL,NULL,'2024-11-10 10:30:00.000000','2024-11-10 10:30:00.000000','2024-11-10 10:30:00.000000','2024-11-10 10:30:00.000000',0,NULL),('7NyIcGF8',NULL,NULL,'Nguyễn Bá Phước','0987654321','a@gmail.com','Sơn La',266,'Huyện Bắc Yên',2079,'Xã Phiêng Ban','140511','Nguyễn Bá Phước','2024-11-10 10:30:00.000000',4,NULL,0.00,34000.00,_binary '',NULL,NULL,'2024-11-10 10:30:00.000000','2024-11-10 10:30:00.000000','2024-11-10 10:30:00.000000','2024-11-10 10:30:00.000000',0,NULL),('8GuS4QLe',NULL,'KGZVUNVN','Nguyễn Bá Phước13','0971373306','baphuoc03@gmail.com','Hòa Bình',267,'Huyện Cao Phong',2087,'Xã Thung Nai','231110','Nguyễn Bá Phước','2024-11-10 10:30:00.000000',2,NULL,100000.00,34000.00,_binary '',NULL,NULL,'2024-11-10 10:30:00.000000','2024-11-10 10:30:00.000000','2024-11-10 10:30:00.000000','2024-11-10 10:30:00.000000',0,NULL),('8PPsgDyb',NULL,NULL,'Dương Văn Tuấn','0987654321',NULL,'a',1,'a',1,'a','12','a','2024-11-10 10:30:00.000000',4,NULL,0.00,0.00,_binary '\0',NULL,NULL,'2024-11-10 10:30:00.000000','2024-11-10 10:30:00.000000','2024-11-10 10:30:00.000000','2024-11-10 10:30:00.000000',1,'hieuchinh'),('8wqPZ5Fe',NULL,NULL,'Khách lẻ','0000000000',NULL,'a',1,'a',1,'a','12','a','2024-11-10 10:30:00.000000',4,NULL,0.00,0.00,_binary '\0',NULL,NULL,'2024-11-10 10:30:00.000000','2024-11-10 10:30:00.000000','2024-11-10 10:30:00.000000','2024-11-10 10:30:00.000000',1,'hieuchinh'),('8xi0m9tk',NULL,'2ELUCKRF','PHước','0971373306','vuongdo2903@gmail.com','Cao Bằng',246,'Thành phố Cao Bằng',1641,'Phường Duyệt Trung','60102','123','2024-11-10 10:30:00.000000',4,NULL,30000.00,29000.00,_binary '',NULL,NULL,'2024-11-10 10:30:00.000000','2024-11-10 10:30:00.000000','2024-11-10 10:30:00.000000','2024-11-10 10:30:00.000000',0,NULL),('8Zb5gBy8',NULL,'2ELUCKRF','phước','0971373306','baphuoc03@gmail.com','Sơn La',266,'Huyện Bắc Yên',2079,'false','140507','phước','2024-11-10 10:30:00.000000',0,NULL,30000.00,34000.00,_binary '\0','11',NULL,'2024-11-10 10:30:00.000000','2024-11-10 10:30:00.000000','2024-11-10 10:30:00.000000','2024-11-10 10:30:00.000000',0,NULL),('91RwDpG6','baphuoc',NULL,'Nguyễn Bá Phước','0971373306','vvtrong203@gmail.com','Cà Mau',252,'Huyện Năm Căn',1783,'Xã Đất Mới','610802','Liên hà','2024-12-08 08:19:43.543000',2,NULL,0.00,39001.00,_binary '',NULL,NULL,NULL,NULL,NULL,NULL,0,NULL),('92wCHS3G',NULL,NULL,'Khách lẻ','0000000000',NULL,'a',1,'a',1,'a','12','a','2024-11-10 10:30:00.000000',4,NULL,0.00,0.00,_binary '',NULL,NULL,'2024-11-10 10:30:00.000000','2024-11-10 10:30:00.000000','2024-11-10 10:30:00.000000','2024-11-10 10:30:00.000000',1,NULL),('93xG6Q75',NULL,NULL,'Nguyễn Bá Phước','0971373306','baphuoc03@gmail.com','Hòa Bình',267,'Huyện Lạc Sơn',2156,'Xã Văn Nghĩa','230524','Liên hà','2024-11-10 10:30:00.000000',3,NULL,0.00,34000.00,_binary '',NULL,NULL,'2024-11-10 10:30:00.000000','2024-11-10 10:30:00.000000','2024-11-10 10:30:00.000000','2024-11-10 10:30:00.000000',0,NULL),('95DxKQsP',NULL,NULL,'Phạm Tuấn Anh','0984732721',NULL,'a',1,'a',1,'a','12','a','2024-11-10 10:30:00.000000',4,NULL,0.00,0.00,_binary '\0',NULL,NULL,'2024-11-10 10:30:00.000000','2024-11-10 10:30:00.000000','2024-11-10 10:30:00.000000','2024-11-10 10:30:00.000000',1,'hieuchinh'),('9aG63wiR',NULL,NULL,'Nguyễn Phước','0971373306','baphuoc03@gmail.com','Hòa Bình',267,'Huyện Lạc Sơn',2156,'Xã Văn Nghĩa','230524','Liên hà','2024-11-10 10:30:00.000000',3,NULL,0.00,34000.00,_binary '',NULL,NULL,'2024-11-10 10:30:00.000000','2024-11-10 10:30:00.000000','2024-11-10 10:30:00.000000','2024-11-10 10:30:00.000000',0,NULL),('9BRCC7WN',NULL,NULL,'PHước','0971373306',NULL,'a',1,'a',1,'a','12','a','2024-11-10 10:30:00.000000',0,NULL,0.00,0.00,_binary '','Không không mua nữa',NULL,'2024-11-10 10:30:00.000000','2024-11-10 10:30:00.000000','2024-11-10 10:30:00.000000','2024-11-10 10:30:00.000000',1,'hieuchinh'),('9EXWRsvo',NULL,NULL,'Nguyễn Bá Phước','0971373306','baphuoc03@gmail.com','Hà Nội',201,'Huyện Đan Phượng',1804,'Xã Liên Hà','1B2206','Liên hà','2024-11-10 10:30:00.000000',0,NULL,0.00,29000.00,_binary '','hh',NULL,'2024-11-10 10:30:00.000000','2024-11-10 10:30:00.000000','2024-11-10 10:30:00.000000','2024-11-10 10:30:00.000000',0,NULL),('9fanKWn2',NULL,NULL,'Nguyễn Bá Phước','0971373306','baphuoc03@gmail.com','Hòa Bình',267,'Huyện Lạc Sơn',2156,'Xã Xuất Hóa','230527','phước','2024-11-10 10:30:00.000000',0,NULL,0.00,34000.00,_binary '','ad',NULL,'2024-11-10 10:30:00.000000','2024-11-10 10:30:00.000000','2024-11-10 10:30:00.000000','2024-11-10 10:30:00.000000',0,NULL),('9jqh1sTK',NULL,'ZGBSS01D','Nguyễn Bá Phước','0971373306','baphuoc03@gmail.com','Hà Nội',201,'Huyện Đan Phượng',1804,'Xã Liên Hà','1B2206','Liên hà','2024-11-10 10:30:00.000000',4,NULL,30000.00,29000.00,_binary '\0',NULL,NULL,'2024-11-10 10:30:00.000000','2024-11-10 10:30:00.000000','2024-11-10 10:30:00.000000','2024-11-10 10:30:00.000000',0,NULL),('9mnA0s2B',NULL,NULL,'Khách lẻ','0000000000',NULL,'a',1,'a',1,'a','12','a','2024-11-10 10:30:00.000000',4,NULL,0.00,0.00,_binary '',NULL,NULL,'2024-11-10 10:30:00.000000','2024-11-10 10:30:00.000000','2024-11-10 10:30:00.000000','2024-11-10 10:30:00.000000',1,'hieuchinh'),('a10vlJxg',NULL,NULL,'Nguyễn Bá Phước','0971373306','baphuoc03@gmail.com','Hưng Yên',268,'Huyện Tiên Lữ',2018,'Xã Thủ Sỹ','220613','wqe','2024-11-10 10:30:00.000000',4,NULL,0.00,29000.00,_binary '\0',NULL,NULL,'2024-11-10 10:30:00.000000','2024-11-10 10:30:00.000000','2024-11-10 10:30:00.000000','2024-11-10 10:30:00.000000',0,NULL),('a7udnAU4',NULL,NULL,'Khách','0000000000',NULL,'a',1,'a',1,'a','12','a','2024-11-10 10:30:00.000000',4,NULL,0.00,0.00,_binary '',NULL,NULL,'2024-11-10 10:30:00.000000','2024-11-10 10:30:00.000000','2024-11-10 10:30:00.000000','2024-11-10 10:30:00.000000',1,'hieuchinh'),('ABwKhaDQ',NULL,NULL,'Nguyễn Bá Phước1','0971373306','baphuoc03@gmail.com','Hòa Bình',267,'Huyện Cao Phong',2087,'Xã Thung Nai','231110','Nguyễn Bá Phước','2024-11-10 10:30:00.000000',0,NULL,0.00,34000.00,_binary '\0','ssss',NULL,'2024-11-10 10:30:00.000000','2024-11-10 10:30:00.000000','2024-11-10 10:30:00.000000','2024-11-10 10:30:00.000000',0,NULL),('Ah230jfd',NULL,NULL,'Dương Văn Tuấn','0987654321',NULL,'a',1,'a',1,'a','12','a','2024-11-10 10:30:00.000000',4,NULL,0.00,0.00,_binary '',NULL,NULL,'2024-11-10 10:30:00.000000','2024-11-10 10:30:00.000000','2024-11-10 10:30:00.000000','2024-11-10 10:30:00.000000',1,NULL),('AKblD6Vi',NULL,NULL,'Nguyễn Bá Phước','0971373306','baphuoc03@gmail.com','Lai Châu',264,'Huyện Phong Thổ',1989,'Xã Sì Lờ Lầu','70315','qwe','2024-11-10 10:30:00.000000',4,NULL,0.00,34000.00,_binary '',NULL,NULL,'2024-11-10 10:30:00.000000','2024-11-10 10:30:00.000000','2024-11-10 10:30:00.000000','2024-11-10 10:30:00.000000',0,NULL),('annbDsOX',NULL,NULL,'Khách lẻ1','0000000001',NULL,'a',1,'a',1,'a','12','a','2024-11-10 10:30:00.000000',4,NULL,0.00,0.00,_binary '',NULL,NULL,'2024-11-10 10:30:00.000000','2024-11-10 10:30:00.000000','2024-11-10 10:30:00.000000','2024-11-10 10:30:00.000000',1,'hieuchinh'),('aUFKuK6l',NULL,'2ELUCKRF','hai','0971373306','vuongdo2903@gmail.com','Hòa Bình',267,'Huyện Cao Phong',2087,'Xã Thung Nai','231110','hai` vũ','2024-11-10 10:30:00.000000',2,NULL,19999.90,34000.00,_binary '',NULL,NULL,'2024-11-10 10:30:00.000000','2024-11-10 10:30:00.000000','2024-11-10 10:30:00.000000','2024-11-10 10:30:00.000000',0,NULL),('B36hGU9W',NULL,NULL,'Dương Văn Tuấn','0987654321','tuandv@gmail.com','Bình Định',262,'Thị xã An Nhơn',1769,'Xã Nhơn Hạnh','371007','aaa','2024-11-10 10:30:00.000000',0,NULL,0.00,39001.00,_binary '','a',NULL,'2024-11-10 10:30:00.000000','2024-11-10 10:30:00.000000','2024-11-10 10:30:00.000000','2024-11-10 10:30:00.000000',0,NULL),('BCdvFF3j',NULL,NULL,'Nguyễn Bá Phước','0971373306','baphuoc03@gmail.com','Hòa Bình',267,'Huyện Cao Phong',2087,'Xã Thung Nai','231110','Nguyễn Bá Phước','2024-11-10 10:30:00.000000',4,NULL,0.00,34000.00,_binary '\0',NULL,NULL,'2024-11-10 10:30:00.000000','2024-11-10 10:30:00.000000','2024-11-10 10:30:00.000000','2024-11-10 10:30:00.000000',0,NULL),('BH9SXmah','nnanh',NULL,'hâhhaha','0987654321','baphuoc03@gmail.com','Sơn La',266,'Huyện Vân Hồ',2255,'Xã Suối Bàng','141210','liên hà','2024-11-10 10:30:00.000000',4,NULL,0.00,34000.00,_binary '\0','khách đặt nhầm',NULL,'2024-11-10 10:30:00.000000','2024-11-10 10:30:00.000000','2024-11-10 10:30:00.000000','2024-11-10 10:30:00.000000',0,NULL),('BIfiASUe','baphuoc',NULL,'Nguyễn Bá Phước','0971373306','vvtrong203@gmail.com','Cà Mau',252,'Huyện Năm Căn',1783,'Xã Đất Mới','610802','Liên hà','2024-12-08 09:38:46.017000',5,NULL,0.00,39001.00,_binary '\0',NULL,NULL,NULL,NULL,NULL,NULL,0,NULL),('Bk6P2icl','baphuoc',NULL,'phước','0971373306','baphuoc03@gmail.com','Sơn La',266,'Huyện Vân Hồ',2255,'Xã Suối Bàng','141210','phước','2024-11-10 10:30:00.000000',4,NULL,0.00,34000.00,_binary '','ád',NULL,'2024-11-10 10:30:00.000000','2024-11-10 10:30:00.000000','2024-11-10 10:30:00.000000','2024-11-10 10:30:00.000000',0,NULL),('BMDHeR7U',NULL,NULL,'Nguyễn Bá Phước','0971373306','baphuoc03@gmail.com','Hưng Yên',268,'Huyện Phù Cừ',2194,'false','220710','phước','2024-11-10 10:30:00.000000',4,NULL,0.00,34000.00,_binary '','ád',NULL,'2024-11-10 10:30:00.000000','2024-11-10 10:30:00.000000','2024-11-10 10:30:00.000000','2024-11-10 10:30:00.000000',0,NULL),('bpkOnnG6',NULL,NULL,'Nguyễn Bá Phước1','0971373306','baphuoc03@gmail.com','Hòa Bình',267,'Huyện Cao Phong',2087,'Xã Thung Nai','231110','Nguyễn Bá Phước','2024-11-10 10:30:00.000000',0,NULL,0.00,34000.00,_binary '','Khong ung',NULL,'2024-11-10 10:30:00.000000','2024-11-10 10:30:00.000000','2024-11-10 10:30:00.000000','2024-11-10 10:30:00.000000',0,NULL),('brZIzDe9',NULL,NULL,'SADFA','0866684392','Nguyenducthangok@gmail.com','Cao Bằng',246,'Huyện Thông Nông',3299,'Xã Vị Quang','60310','THAID=','2024-11-10 10:30:00.000000',2,NULL,0.00,34000.00,_binary '',NULL,NULL,'2024-11-10 10:30:00.000000','2024-11-10 10:30:00.000000','2024-11-10 10:30:00.000000','2024-11-10 10:30:00.000000',0,NULL),('BscHDeWI','baphuoc',NULL,'Nguyễn Bá Phước','0971373306',NULL,'a',1,'a',1,'a','12','a','2024-11-10 10:30:00.000000',4,NULL,0.00,0.00,_binary '',NULL,NULL,'2024-11-10 10:30:00.000000','2024-11-10 10:30:00.000000','2024-11-10 10:30:00.000000','2024-11-10 10:30:00.000000',1,'hieuchinh'),('BzOznOXW',NULL,NULL,'Khách lẻ','0000000000',NULL,'a',1,'a',1,'a','12','a','2024-11-10 10:30:00.000000',4,NULL,0.00,0.00,_binary '',NULL,NULL,'2024-11-10 10:30:00.000000','2024-11-10 10:30:00.000000','2024-11-10 10:30:00.000000','2024-11-10 10:30:00.000000',1,NULL),('bztxfsQJ',NULL,'36PL6CAB','Nguyễn Bá Phước','0971373306','baphuoc03@gmail.com','Hà Nội',201,'Huyện Đan Phượng',1804,'Xã Liên Hà','1B2206','Liên hà','2024-11-10 10:30:00.000000',4,NULL,50000.00,29000.00,_binary '',NULL,NULL,'2024-11-10 10:30:00.000000','2024-11-10 10:30:00.000000','2024-11-10 10:30:00.000000','2024-11-10 10:30:00.000000',0,NULL),('CbexqEja',NULL,NULL,'Liên hà','0971373306','baphuoc03@gmail.com','Hưng Yên',268,'Huyện Khoái Châu',1826,'Xã Phùng Hưng','220419','phước','2024-11-10 10:30:00.000000',4,NULL,0.00,34000.00,_binary '\0',NULL,NULL,'2024-11-10 10:30:00.000000','2024-11-10 10:30:00.000000','2024-11-10 10:30:00.000000','2024-11-10 10:30:00.000000',0,NULL),('CbjDnBDb','baphuoc',NULL,'Nguyễn Bá Phước','0971373306','vvtrong203@gmail.com','Cà Mau',252,'Huyện Năm Căn',1783,'Xã Đất Mới','610802','Liên hà','2024-12-08 10:56:29.318000',2,NULL,0.00,39001.00,_binary '',NULL,NULL,NULL,NULL,NULL,NULL,0,NULL),('CdpHwcYa',NULL,NULL,'Nguyễn Bá Phước1','0971373306','baphuoc03@gmail.com','Quảng Ngãi',242,'Huyện Tây Trà',2222,'Xã Trà Thọ','351407','11111','2024-11-10 10:30:00.000000',4,NULL,0.00,39001.00,_binary '',NULL,NULL,'2024-11-10 10:30:00.000000','2024-11-10 10:30:00.000000','2024-11-10 10:30:00.000000','2024-11-10 10:30:00.000000',0,NULL),('cHob4578',NULL,NULL,'Nguyễn Bá Phước','0971373306','baphuoc03@gmail.com','Sơn La',266,'Huyện Quỳnh Nhai',2204,'Xã Mường Sại','140209','Nguyễn Bá Phước','2024-11-10 10:30:00.000000',0,NULL,0.00,34000.00,_binary '','1',NULL,'2024-11-10 10:30:00.000000','2024-11-10 10:30:00.000000','2024-11-10 10:30:00.000000','2024-11-10 10:30:00.000000',0,NULL),('cKxoZoA3',NULL,NULL,'Khách lẻ','0000000000',NULL,'a',1,'a',1,'a','12','a','2024-11-10 10:30:00.000000',0,NULL,0.00,0.00,_binary '','f',NULL,'2024-11-10 10:30:00.000000','2024-11-10 10:30:00.000000','2024-11-10 10:30:00.000000','2024-11-10 10:30:00.000000',1,'hieuchinh'),('Cl9lGJ0E',NULL,NULL,'Nguyễn Bá Phướctt2','0971373306','baphuoc03@gmail.com','Phú Yên',260,'Huyện Sơn Hòa',2211,'Xã Sơn Hà','390507','Nguyễn Bá Phước','2024-11-10 10:30:00.000000',0,NULL,0.00,39001.00,_binary '','Thichs',NULL,'2024-11-10 10:30:00.000000','2024-11-10 10:30:00.000000','2024-11-10 10:30:00.000000','2024-11-10 10:30:00.000000',0,NULL),('cmCqBt8a',NULL,'I8CV3HGG','Nguyễn Bá Phước','0971373306','baphuoc03@gmail.com','Hòa Bình',267,'Huyện Cao Phong',2087,'Xã Thung Nai','231110','Nguyễn Bá Phước','2024-11-10 10:30:00.000000',0,NULL,20000.00,34000.00,_binary '','huy huy huy',NULL,'2024-11-10 10:30:00.000000','2024-11-10 10:30:00.000000','2024-11-10 10:30:00.000000','2024-11-10 10:30:00.000000',0,NULL),('CNAER0b3',NULL,NULL,'Nguyễn Bá Phước','0971373306','baphuoc03@gmail.com','Bạc Liêu',253,'Thị Xã Giá Rai',1935,'Xã Phong Thạnh Tây','600408','Nguyễn Bá Phước','2024-11-10 10:30:00.000000',0,NULL,0.00,39001.00,_binary '\0','ssss',NULL,'2024-11-10 10:30:00.000000','2024-11-10 10:30:00.000000','2024-11-10 10:30:00.000000','2024-11-10 10:30:00.000000',0,NULL),('cnUJjoS9',NULL,NULL,'Phạm Tuấn Anh','0971373306','baphuoc03@gmail.com','Hòa Bình',267,'Huyện Lương Sơn',1968,'Xã Tân Vinh','230715','ád','2024-11-10 10:30:00.000000',4,NULL,0.00,34000.00,_binary '',NULL,NULL,'2024-11-10 10:30:00.000000','2024-11-10 10:30:00.000000','2024-11-10 10:30:00.000000','2024-11-10 10:30:00.000000',0,NULL),('CP6eTudT',NULL,'2ELUCKRF','Rooney','0987654321','s@gmail.com','Hà Nội',201,'Quận Nam Từ Liêm',3440,'Phường Xuân Phương','13010','sss','2024-11-10 10:30:00.000000',0,NULL,30000.00,21000.00,_binary '','Nghi le',NULL,'2024-11-10 10:30:00.000000','2024-11-10 10:30:00.000000','2024-11-10 10:30:00.000000','2024-11-10 10:30:00.000000',0,NULL),('cTEa8fKD',NULL,NULL,'Nguyễn Bá Phước1','0971373306','baphuoc03@gmail.com','Quảng Ngãi',242,'Huyện Tây Trà',2222,'Xã Trà Thọ','351407','11111','2024-11-10 10:30:00.000000',4,NULL,0.00,39001.00,_binary '',NULL,NULL,'2024-11-10 10:30:00.000000','2024-11-10 10:30:00.000000','2024-11-10 10:30:00.000000','2024-11-10 10:30:00.000000',0,NULL),('CuLtNekv',NULL,NULL,'Dương Văn Tuấn','0987654321',NULL,'a',1,'a',1,'a','12','a','2024-11-10 10:30:00.000000',4,NULL,0.00,0.00,_binary '',NULL,NULL,'2024-11-10 10:30:00.000000','2024-11-10 10:30:00.000000','2024-11-10 10:30:00.000000','2024-11-10 10:30:00.000000',1,NULL),('cvYzD0qE',NULL,'WE08CAAN','Rooney','0987654321','v@gmail.com','Lạng Sơn',247,'Huyện Hữu Lũng',1948,'Xã Hữu Liên','101111','qưe','2024-11-10 10:30:00.000000',2,NULL,100000.00,34000.00,_binary '',NULL,NULL,'2024-11-10 10:30:00.000000','2024-11-10 10:30:00.000000','2024-11-10 10:30:00.000000','2024-11-10 10:30:00.000000',0,NULL),('Cw5CAP43',NULL,'2ELUCKRF','Nguyễn Bá Phước','0971373306','baphuoc03@gmail.com','Hà Nội',201,'Huyện Đan Phượng',1804,'Xã Hạ Mỗ','1B2204','Liên hà','2024-11-10 10:30:00.000000',0,NULL,30000.00,29000.00,_binary '','ko mua nữa',NULL,'2024-11-10 10:30:00.000000','2024-11-10 10:30:00.000000','2024-11-10 10:30:00.000000','2024-11-10 10:30:00.000000',0,NULL),('cZYHDRiU','ntkha',NULL,'Trịnh Văn Hiếu','0971373306',NULL,'a',1,'a',1,'a','12','a','2024-11-10 10:30:00.000000',0,NULL,0.00,0.00,_binary '','Khách bảo mai mua lại',NULL,'2024-11-10 10:30:00.000000','2024-11-10 10:30:00.000000','2024-11-10 10:30:00.000000','2024-11-10 10:30:00.000000',1,'hieuchinh'),('D66aZCE4',NULL,'2ELUCKRF','Nguyễn Bá Phước','0971373306','baphuoc03@gmail.com','Hà Nội',201,'Huyện Đan Phượng',1804,'Xã Hồng Hà','1B2205','Liên hà','2024-11-10 10:30:00.000000',0,NULL,30000.00,29000.00,_binary '\0','a',NULL,'2024-11-10 10:30:00.000000','2024-11-10 10:30:00.000000','2024-11-10 10:30:00.000000','2024-11-10 10:30:00.000000',0,NULL),('D7vJbjmF',NULL,NULL,'Nguyễn Bá Phước','0971373306','baphuoc03@gmail.com','Hà Nội',201,'Huyện Đan Phượng',1804,'Xã Liên Hà','1B2206','Liên hà','2024-11-10 10:30:00.000000',4,NULL,0.00,29000.00,_binary '\0',NULL,NULL,'2024-11-10 10:30:00.000000','2024-11-10 10:30:00.000000','2024-11-10 10:30:00.000000','2024-11-10 10:30:00.000000',0,NULL),('dBmd679k','nnanh',NULL,'phước','0971373306','baphuoc03@gmail.com','Hòa Bình',267,'Huyện Mai Châu',2163,'Xã Thành Sơn','800050','phước','2024-11-10 10:30:00.000000',4,NULL,0.00,34000.00,_binary '\0','ád',NULL,'2024-11-10 10:30:00.000000','2024-11-10 10:30:00.000000','2024-11-10 10:30:00.000000','2024-11-10 10:30:00.000000',0,NULL),('De39qOHo',NULL,'2ELUCKRF','Nguyễn Bá Phước','0971373306','baphuoc03@gmail.com','Hòa Bình',267,'Huyện Lạc Sơn',2156,'Xã Thượng Cốc','230521','Liên hà','2024-11-10 10:30:00.000000',0,NULL,30000.00,34000.00,_binary '','Khách mua nhầm',NULL,'2024-11-10 10:30:00.000000','2024-11-10 10:30:00.000000','2024-11-10 10:30:00.000000','2024-11-10 10:30:00.000000',0,NULL),('DH1','nnanh','7BKW49O1','Nguyễn Bá Phước','0971373306','cuduy068@gmail.com','Hà Nội',201,'Huyện Phú Xuyên',3255,'Xã Vân Từ','1B2828','Số nhà 48','2024-11-10 10:30:00.000000',0,NULL,50000.00,30000.00,_binary '','mm',NULL,'2024-11-10 10:30:00.000000','2024-11-10 10:30:00.000000','2024-11-10 10:30:00.000000','2024-11-10 10:30:00.000000',0,NULL),('DH10',NULL,NULL,'Bá phước 1','0987654321','baphuoc03@gmail.com','Đồng Nai',204,'Thành phố Biên Hòa',1536,'false','480126','Đường Nguyễn Bá Phước','2024-11-10 10:30:00.000000',4,NULL,0.00,29000.00,_binary '',NULL,NULL,'2024-11-10 10:30:00.000000','2024-11-10 10:30:00.000000','2024-11-10 10:30:00.000000','2024-11-10 10:30:00.000000',0,NULL),('DH11','baphuoc',NULL,'Hiếu Trịnh','0987654321','baphuoc03@gmail.com','Bắc Ninh',249,'Từ Sơn',1730,'Phù Chẩn','190509','Số nhà 48','2024-11-10 10:30:00.000000',4,NULL,0.00,30000.00,_binary '','111',NULL,'2024-11-10 10:30:00.000000','2024-11-10 10:30:00.000000','2024-11-10 10:30:00.000000','2024-11-10 10:30:00.000000',0,NULL),('DH12','baphuoc',NULL,'Tuấn Anh','0971373306','baphuoc03@gmail.com','Bắc Ninh',249,'Thị xã Từ Sơn',1730,'false','190509','Số nhà 48','2024-11-10 10:30:00.000000',0,NULL,0.00,30000.00,_binary '','f',NULL,'2024-11-10 10:30:00.000000','2024-11-10 10:30:00.000000','2024-11-10 10:30:00.000000','2024-11-10 10:30:00.000000',0,NULL),('DH13',NULL,'7BKW49O1','Nguyễn Bá Phước','0971373306','baphuoc03@gmail.com','Hà Nội',201,'Tây Hồ',1492,'Yên Phụ','1A0508','Đường Nguyễn Bá Phước','2024-11-10 10:30:00.000000',4,NULL,50000.00,30000.00,_binary '\0','hahaa',NULL,'2024-11-10 10:30:00.000000','2024-11-10 10:30:00.000000','2024-11-10 10:30:00.000000','2024-11-10 10:30:00.000000',0,NULL),('DH14','baphuoc',NULL,'Hiếu Trịnh','0987654321','baphuoc03@gmail.com','Hà Nội',201,'Quận Tây Hồ',1492,'false','1A0508','Đường Nguyễn Bá Phước','2024-11-10 10:30:00.000000',4,NULL,0.00,30000.00,_binary '',NULL,NULL,'2024-11-10 10:30:00.000000','2024-11-10 10:30:00.000000','2024-11-10 10:30:00.000000','2024-11-10 10:30:00.000000',0,NULL),('DH2','baphuoc',NULL,'Nguyễn Bá Phước','0971373306','baphuoc03@gmail.com','Hà Nội',201,'Tây Hồ',1492,'Yên Phụ','1A0508','Số nhà 48','2024-11-10 10:30:00.000000',4,NULL,0.00,30000.00,_binary '\0','ád',NULL,'2024-11-10 10:30:00.000000','2024-11-10 10:30:00.000000','2024-11-10 10:30:00.000000','2024-11-10 10:30:00.000000',0,NULL),('DH3','nnanh',NULL,'Nguyễn Bá Phước','0987654321','baphuoc03@gmail.com','Hồ Chí Minh',202,'Nhà Bè',1534,'Nhơn Đức','22304','Số nhà 48','2024-11-10 10:30:00.000000',4,NULL,0.00,30000.00,_binary '\0','ád',NULL,'2024-11-10 10:30:00.000000','2024-11-10 10:30:00.000000','2024-11-10 10:30:00.000000','2024-11-10 10:30:00.000000',0,NULL),('DH4','nnanh','7BKW49O1','Hiếu Trịnh','0971373306','baphuoc03@gmail.com','Bắc Ninh',249,'Thị xã Từ Sơn',1730,'Xã Phù Chẩn','190509','Trịnh Văn Bô','2024-11-10 10:30:00.000000',0,'Giao Vào buổi tối',50000.00,30000.00,_binary '\0','a',NULL,'2024-11-10 10:30:00.000000','2024-11-10 10:30:00.000000','2024-11-10 10:30:00.000000','2024-11-10 10:30:00.000000',0,NULL),('DH5','nnanh',NULL,'Nguyễn Bá Phước','0971373306','baphuoc03@gmail.com','Hà Nội',201,'Phú Xuyên',3255,'Vân Từ','1B2828','Trịnh Văn Bô','2024-11-10 10:30:00.000000',0,NULL,0.00,30000.00,_binary '','a',NULL,'2024-11-10 10:30:00.000000','2024-11-10 10:30:00.000000','2024-11-10 10:30:00.000000','2024-11-10 10:30:00.000000',0,NULL),('DH6','baphuoc',NULL,'Hiếu Trịnh','0987654321','baphuoc03@gmail.com','Hà Nội',201,'Phú Xuyên',3255,'Vân Từ','1B2828','Trịnh Văn Bô','2024-11-10 10:30:00.000000',4,NULL,50000.00,30000.00,_binary '\0','khách đặt nhầm',NULL,'2024-11-10 10:30:00.000000','2024-11-10 10:30:00.000000','2024-11-10 10:30:00.000000','2024-11-10 10:30:00.000000',0,NULL),('DH7','nnanh','7BKW49O1','Tuấn Anh','0971373306','baphuoc03@gmail.com','Bắc Ninh',249,'Từ Sơn',1730,'Phù Chẩn','190509','Đường Nguyễn Bá Phước','2024-11-10 10:30:00.000000',4,NULL,0.00,30000.00,_binary '',NULL,NULL,'2024-11-10 10:30:00.000000','2024-11-10 10:30:00.000000','2024-11-10 10:30:00.000000','2024-11-10 10:30:00.000000',0,NULL),('DH8','nnanh','7BKW49O1','Hiếu Trịnh','0987654321','baphuoc03@gmail.com','Hồ Chí Minh',202,'Huyện Nhà Bè',1534,'false','22304','Số nhà 48','2024-11-10 10:30:00.000000',4,NULL,50000.00,30000.00,_binary '\0','á',NULL,'2024-11-10 10:30:00.000000','2024-11-10 10:30:00.000000','2024-11-10 10:30:00.000000','2024-11-10 10:30:00.000000',0,NULL),('DH9',NULL,NULL,'Tuấn Anh','0971373306','baphuoc03@gmail.com','Hồ Chí Minh',202,'Nhà Bè',1534,'Nhơn Đức','22304','Đường Nguyễn Bá Phước','2024-11-10 10:30:00.000000',4,NULL,0.00,30000.00,_binary '','ád',NULL,'2024-11-10 10:30:00.000000','2024-11-10 10:30:00.000000','2024-11-10 10:30:00.000000','2024-11-10 10:30:00.000000',0,NULL),('dl8YHteT',NULL,NULL,'123','0987654321',NULL,'a',1,'a',1,'a','12','a','2024-11-10 10:30:00.000000',5,NULL,0.00,0.00,_binary '\0',NULL,NULL,'2024-11-10 10:30:00.000000','2024-11-10 10:30:00.000000','2024-11-10 10:30:00.000000','2024-11-10 10:30:00.000000',1,'hieuchinh'),('dn8Zo0ln',NULL,NULL,'Dương Văn Tuấn','0987654321',NULL,'a',1,'a',1,'a','12','a','2024-11-10 10:30:00.000000',4,NULL,0.00,0.00,_binary '\0',NULL,NULL,'2024-11-10 10:30:00.000000','2024-11-10 10:30:00.000000','2024-11-10 10:30:00.000000','2024-11-10 10:30:00.000000',1,'hieuchinh'),('dvmmekTy',NULL,NULL,'Dương Văn Tuấn','0987654321',NULL,'a',1,'a',1,'a','12','a','2024-11-10 10:30:00.000000',4,NULL,0.00,0.00,_binary '',NULL,NULL,'2024-11-10 10:30:00.000000','2024-11-10 10:30:00.000000','2024-11-10 10:30:00.000000','2024-11-10 10:30:00.000000',1,NULL),('dws52SlQ',NULL,NULL,'PHước','0971373306',NULL,'a',1,'a',1,'a','12','a','2024-11-10 10:30:00.000000',4,NULL,0.00,0.00,_binary '\0',NULL,NULL,'2024-11-10 10:30:00.000000','2024-11-10 10:30:00.000000','2024-11-10 10:30:00.000000','2024-11-10 10:30:00.000000',1,'hieuchinh'),('Dyzybavc',NULL,NULL,'Khách lẻ','0000000000',NULL,'a',1,'a',1,'a','12','a','2024-11-10 10:30:00.000000',4,NULL,0.00,0.00,_binary '\0',NULL,NULL,'2024-11-10 10:30:00.000000','2024-11-10 10:30:00.000000','2024-11-10 10:30:00.000000','2024-11-10 10:30:00.000000',1,NULL),('E3IyALUv','baphuoc',NULL,'Nguyễn Bá Phước','0971373306','vvtrong203@gmail.com','Cà Mau',252,'Huyện Năm Căn',1783,'Xã Đất Mới','610802','Liên hà','2024-12-08 10:53:38.471000',5,NULL,0.00,39001.00,_binary '\0',NULL,NULL,NULL,NULL,NULL,NULL,0,NULL),('eAqJTPJY',NULL,NULL,'Phạm Tuấn Anh','0984732721',NULL,'a',1,'a',1,'a','12','a','2024-11-10 10:30:00.000000',4,NULL,0.00,0.00,_binary '\0',NULL,NULL,'2024-11-10 10:30:00.000000','2024-11-10 10:30:00.000000','2024-11-10 10:30:00.000000','2024-11-10 10:30:00.000000',1,'hieuchinh'),('eB1u0GHi',NULL,NULL,'PHước','0971373306',NULL,'a',1,'a',1,'a','12','a','2024-11-10 10:30:00.000000',4,NULL,0.00,0.00,_binary '\0',NULL,NULL,'2024-11-10 10:30:00.000000','2024-11-10 10:30:00.000000','2024-11-10 10:30:00.000000','2024-11-10 10:30:00.000000',1,'hieuchinh'),('eeOh9V8k',NULL,NULL,'Nguyễn Bá Phước','0971373306','baphuoc03@gmail.com','Hưng Yên',268,'Huyện Văn Giang',2045,'Xã Thắng Lợi','221009','qwe','2024-11-10 10:30:00.000000',4,NULL,0.00,34000.00,_binary '\0',NULL,NULL,'2024-11-10 10:30:00.000000','2024-11-10 10:30:00.000000','2024-11-10 10:30:00.000000','2024-11-10 10:30:00.000000',0,NULL),('efJRViix',NULL,NULL,'Nguyễn Bá Phước','0971373306','baphuoc03@gmail.com','Hòa Bình',267,'Huyện Lạc Sơn',2156,'Xã Yên Nghiệp','230528','Nguyễn Bá Phước','2024-11-10 10:30:00.000000',4,NULL,0.00,34000.00,_binary '',NULL,NULL,'2024-11-10 10:30:00.000000','2024-11-10 10:30:00.000000','2024-11-10 10:30:00.000000','2024-11-10 10:30:00.000000',0,NULL),('ehbdg6Iq',NULL,NULL,'Khách lẻ','0000000000',NULL,'a',1,'a',1,'a','12','a','2024-11-10 10:30:00.000000',0,NULL,0.00,0.00,_binary '\0','Thichs',NULL,'2024-11-10 10:30:00.000000','2024-11-10 10:30:00.000000','2024-11-10 10:30:00.000000','2024-11-10 10:30:00.000000',1,'hieuchinh'),('eJCRPf8x',NULL,NULL,'Nguyễn Bá','0971373306','baphuoc03@gmail.com','Hà Nội',201,'Quận Cầu Giấy',1485,'false','1A0605','Nguyễn Bá Phước','2024-11-10 10:30:00.000000',4,NULL,0.00,21000.00,_binary '',NULL,NULL,'2024-11-10 10:30:00.000000','2024-11-10 10:30:00.000000','2024-11-10 10:30:00.000000','2024-11-10 10:30:00.000000',0,NULL),('eL5E2pYj',NULL,NULL,'phước','0971373306','baphuoc03@gmail.com','Yên Bái',263,'Huyện Trấn Yên',2039,'Xã Quy Mông','130716','aa','2024-11-10 10:30:00.000000',4,NULL,0.00,29000.00,_binary '',NULL,NULL,'2024-11-10 10:30:00.000000','2024-11-10 10:30:00.000000','2024-11-10 10:30:00.000000','2024-11-10 10:30:00.000000',0,NULL),('EmGFDJkH',NULL,NULL,'Nguyễn Bá Phước','0971373306','baphuoc03@gmail.com','Hà Nội',201,'Huyện Đan Phượng',1804,'Xã Liên Hà','1B2206','Liên hà','2024-11-10 10:30:00.000000',4,NULL,0.00,29000.00,_binary '\0',NULL,NULL,'2024-11-10 10:30:00.000000','2024-11-10 10:30:00.000000','2024-11-10 10:30:00.000000','2024-11-10 10:30:00.000000',0,NULL),('eo3M2P42',NULL,NULL,'Nguyễn Bá Phước','0971373306','baphuoc03@gmail.com','Lai Châu',264,'Huyện Mường Tè',1980,'Xã Tá Bạ','70511','ád','2024-11-10 10:30:00.000000',4,NULL,0.00,34000.00,_binary '',NULL,NULL,'2024-11-10 10:30:00.000000','2024-11-10 10:30:00.000000','2024-11-10 10:30:00.000000','2024-11-10 10:30:00.000000',0,NULL),('EOtdIMu5',NULL,'2ELUCKRF','Nguyễn Bá Phước','0971373306','baphuoc03@gmail.com','Hà Nội',201,'Huyện Đan Phượng',1804,'Xã Liên Hà','1B2206','Liên hà','2024-11-10 10:30:00.000000',4,NULL,30000.00,29000.00,_binary '',NULL,NULL,'2024-11-10 10:30:00.000000','2024-11-10 10:30:00.000000','2024-11-10 10:30:00.000000','2024-11-10 10:30:00.000000',0,NULL),('etDwuxhn',NULL,NULL,'Nguyễn Bá Phước','0971373306','baphuoc03@gmail.com','Hưng Yên',268,'Huyện Văn Lâm',2046,'Xã Tân Quang','220909','qwe','2024-11-10 10:30:00.000000',4,NULL,0.00,34000.00,_binary '',NULL,NULL,'2024-11-10 10:30:00.000000','2024-11-10 10:30:00.000000','2024-11-10 10:30:00.000000','2024-11-10 10:30:00.000000',0,NULL),('eURf9eNG',NULL,NULL,'Đỗ Minh Vương','0339263495','vuongdo2903@gmail.com','Bình Dương',205,'Huyện Bắc Tân Uyên',3135,'Xã Thường Tân','440910','No Ban','2024-11-10 10:30:00.000000',4,NULL,0.00,39001.00,_binary '',NULL,NULL,'2024-11-10 10:30:00.000000','2024-11-10 10:30:00.000000','2024-11-10 10:30:00.000000','2024-11-10 10:30:00.000000',0,NULL),('eV6NI4Al',NULL,NULL,'Khách lẻ','0000000000',NULL,'a',1,'a',1,'a','12','a','2024-11-10 10:30:00.000000',4,NULL,0.00,0.00,_binary '',NULL,NULL,'2024-11-10 10:30:00.000000','2024-11-10 10:30:00.000000','2024-11-10 10:30:00.000000','2024-11-10 10:30:00.000000',1,'hieuchinh'),('eVDkNag2',NULL,'7BKW49O1','Bá phước','0971373306','baphuoc03@gmail.com','Lai Châu',264,'Huyện Nậm Nhùn',1984,'Xã Nậm Ban','70805',NULL,'2024-11-10 10:30:00.000000',4,NULL,50000.00,34000.00,_binary '','qưeqw',NULL,'2024-11-10 10:30:00.000000','2024-11-10 10:30:00.000000','2024-11-10 10:30:00.000000','2024-11-10 10:30:00.000000',0,NULL),('f7240JdZ',NULL,NULL,'Nguyễn Bá Phước','0971373306','baphuoc03@gmail.com','Hà Nội',201,'Huyện Đan Phượng',1804,'Xã Liên Hà','1B2206','Liên hà','2024-11-10 10:30:00.000000',0,NULL,0.00,29000.00,_binary '','l',NULL,'2024-11-10 10:30:00.000000','2024-11-10 10:30:00.000000','2024-11-10 10:30:00.000000','2024-11-10 10:30:00.000000',0,NULL),('ffyiV2j8',NULL,NULL,'Khách lẻ','0000000000',NULL,'a',1,'a',1,'a','12','a','2024-11-10 10:30:00.000000',4,NULL,0.00,0.00,_binary '\0',NULL,NULL,'2024-11-10 10:30:00.000000','2024-11-10 10:30:00.000000','2024-11-10 10:30:00.000000','2024-11-10 10:30:00.000000',1,'hieuchinh'),('fHGrHKQf',NULL,NULL,'Khách lẻ','0000000000',NULL,'a',1,'a',1,'a','12','a','2024-11-10 10:30:00.000000',4,NULL,0.00,0.00,_binary '',NULL,NULL,'2024-11-10 10:30:00.000000','2024-11-10 10:30:00.000000','2024-11-10 10:30:00.000000','2024-11-10 10:30:00.000000',1,NULL),('FkP0ndeX',NULL,NULL,'Nguyễn Bá Phước','0971373306','baphuoc03@gmail.com','Lai Châu',264,'Huyện Sìn Hồ',2006,'Xã Pu Sam Cáp','70418','Nguyễn Bá Phước','2024-11-10 10:30:00.000000',0,NULL,0.00,34000.00,_binary '','thichs thi huy',NULL,'2024-11-10 10:30:00.000000','2024-11-10 10:30:00.000000','2024-11-10 10:30:00.000000','2024-11-10 10:30:00.000000',0,NULL),('fnbOl4NL','baphuoc','2ELUCKRF','Nguyễn Bá Phước','0971373306','vvtrong203@gmail.com','Cà Mau',252,'Huyện Năm Căn',1783,'Xã Đất Mới','610802','Liên hà','2024-12-08 07:52:46.839000',1,NULL,30000.00,39001.00,_binary '',NULL,NULL,'2024-12-08 07:57:18.862000',NULL,NULL,NULL,0,NULL),('fvn2fPTT',NULL,NULL,'Nguyễn Bá Phước','0971373306','baphuoc03@gmail.com','Hòa Bình',267,'Huyện Lạc Thủy',2157,'Xã Yên Bồng','230915','Nguyễn Bá Phước','2024-11-10 10:30:00.000000',0,NULL,0.00,34000.00,_binary '','Khách đi du lịch',NULL,'2024-11-10 10:30:00.000000','2024-11-10 10:30:00.000000','2024-11-10 10:30:00.000000','2024-11-10 10:30:00.000000',0,NULL),('gAGgVlEW','baphuoc',NULL,'Nguyễn Bá Phước','0971373306',NULL,'a',1,'a',1,'a','12','a','2024-11-10 10:30:00.000000',4,NULL,0.00,0.00,_binary '',NULL,NULL,'2024-11-10 10:30:00.000000','2024-11-10 10:30:00.000000','2024-11-10 10:30:00.000000','2024-11-10 10:30:00.000000',1,'hieuchinh'),('geJ1SU7C',NULL,NULL,'Vũ Hải','0971373306','vuongdo2903@gmail.com','Hòa Bình',267,'Huyện Cao Phong',2087,'Xã Thung Nai','231110','Nguyễn Bá Phước','2024-11-10 10:30:00.000000',2,NULL,0.00,34000.00,_binary '',NULL,NULL,'2024-11-10 10:30:00.000000','2024-11-10 10:30:00.000000','2024-11-10 10:30:00.000000','2024-11-10 10:30:00.000000',0,NULL),('GGlSMUBQ',NULL,NULL,'Nguyễn Bá Phước','0971373306','baphuoc03@gmail.com','Hà Nội',201,'Huyện Đan Phượng',1804,'Xã Liên Hà','1B2206','Liên hà','2024-11-10 10:30:00.000000',0,NULL,0.00,29000.00,_binary '\0','a',NULL,'2024-11-10 10:30:00.000000','2024-11-10 10:30:00.000000','2024-11-10 10:30:00.000000','2024-11-10 10:30:00.000000',0,NULL),('GHw7uSoq',NULL,NULL,'Dương Văn Tuấn','0987654321',NULL,'a',1,'a',1,'a','12','a','2024-11-10 10:30:00.000000',4,NULL,0.00,0.00,_binary '\0',NULL,NULL,'2024-11-10 10:30:00.000000','2024-11-10 10:30:00.000000','2024-11-10 10:30:00.000000','2024-11-10 10:30:00.000000',1,'hieuchinh'),('GkTeTsUY',NULL,NULL,'Khách lẻ','0000000000',NULL,'a',1,'a',1,'a','12','a','2024-11-10 10:30:00.000000',4,NULL,0.00,0.00,_binary '',NULL,NULL,'2024-11-10 10:30:00.000000','2024-11-10 10:30:00.000000','2024-11-10 10:30:00.000000','2024-11-10 10:30:00.000000',1,'hieuchinh'),('GyJzAVUV',NULL,'7BKW49O1','phước','0971373306','baphuoc03@gmail.com','Sơn La',266,'Huyện Bắc Yên',2079,'Xã Mường Khoa','140510','phước','2024-11-10 10:30:00.000000',4,NULL,50000.00,34000.00,_binary '',NULL,NULL,'2024-11-10 10:30:00.000000','2024-11-10 10:30:00.000000','2024-11-10 10:30:00.000000','2024-11-10 10:30:00.000000',0,NULL),('gz87vXwB',NULL,NULL,'PHước','0971373306',NULL,'a',1,'a',1,'a','12','a','2024-11-10 10:30:00.000000',4,NULL,0.00,0.00,_binary '\0',NULL,NULL,'2024-11-10 10:30:00.000000','2024-11-10 10:30:00.000000','2024-11-10 10:30:00.000000','2024-11-10 10:30:00.000000',1,'hieuchinh'),('GZjnVTHB','baphuoc','7BKW49O1','Trịnh văn hiếu','0987654321','baphuoc03@gmail.com','Đà Nẵng',203,'Quận Cẩm Lệ',1531,'false','40704','liên hà','2024-11-10 10:30:00.000000',4,NULL,50000.00,29000.00,_binary '','22',NULL,'2024-11-10 10:30:00.000000','2024-11-10 10:30:00.000000','2024-11-10 10:30:00.000000','2024-11-10 10:30:00.000000',0,NULL),('GZLcbEnJ',NULL,NULL,'Nguyễn Bá Phước','0971373306','baphuoc03@gmail.com','Hòa Bình',267,'Huyện Lạc Sơn',2156,'Xã Vũ Lâm','230526','qưe','2024-11-10 10:30:00.000000',4,NULL,0.00,34000.00,_binary '',NULL,NULL,'2024-11-10 10:30:00.000000','2024-11-10 10:30:00.000000','2024-11-10 10:30:00.000000','2024-11-10 10:30:00.000000',0,NULL),('HCJmHhvH',NULL,NULL,'PHước','0971373306',NULL,'a',1,'a',1,'a','12','a','2024-11-10 10:30:00.000000',4,NULL,0.00,0.00,_binary '',NULL,NULL,'2024-11-10 10:30:00.000000','2024-11-10 10:30:00.000000','2024-11-10 10:30:00.000000','2024-11-10 10:30:00.000000',1,'hieuchinh'),('hlQMfN3I',NULL,NULL,'Khách lẻ','0000000000',NULL,'a',1,'a',1,'a','12','a','2024-11-10 10:30:00.000000',4,NULL,0.00,0.00,_binary '',NULL,NULL,'2024-11-10 10:30:00.000000','2024-11-10 10:30:00.000000','2024-11-10 10:30:00.000000','2024-11-10 10:30:00.000000',1,'hieuchinh'),('hNmHO5iq',NULL,NULL,'phướcdsd','0917373316','baphuoc03@gmail.com','Hòa Bình',267,'Huyện Kim Bôi',2146,'false','230828','phước','2024-11-10 10:30:00.000000',4,NULL,0.00,34000.00,_binary '\0','2',NULL,'2024-11-10 10:30:00.000000','2024-11-10 10:30:00.000000','2024-11-10 10:30:00.000000','2024-11-10 10:30:00.000000',0,NULL),('HqcdH0lx','baphuoc',NULL,'Nguyễn Bá Phước','0971373306','vvtrong203@gmail.com','Cà Mau',252,'Huyện Năm Căn',1783,'Xã Đất Mới','610802','Liên hà','2024-12-08 09:12:19.334000',5,NULL,0.00,39001.00,_binary '\0',NULL,NULL,NULL,NULL,NULL,NULL,0,NULL),('HvMi8UoH',NULL,NULL,'Phuocws','0971373316',NULL,'a',1,'a',1,'a','12','a','2024-11-10 10:30:00.000000',4,NULL,0.00,0.00,_binary '',NULL,NULL,'2024-11-10 10:30:00.000000','2024-11-10 10:30:00.000000','2024-11-10 10:30:00.000000','2024-11-10 10:30:00.000000',1,'hieuchinh'),('HxC22tdh',NULL,NULL,'sss','0987654321','vuongdo2903@gmail.com','Cà Mau',252,'Huyện Ngọc Hiển',2186,'Xã Viên An','610706','ssss','2024-11-10 10:30:00.000000',0,NULL,0.00,29000.00,_binary '\0','ssss',NULL,'2024-11-10 10:30:00.000000','2024-11-10 10:30:00.000000','2024-11-10 10:30:00.000000','2024-11-10 10:30:00.000000',0,NULL),('I0o5uk1w',NULL,NULL,'Nguyễn Bá Phước','0971373306','baphuoc03@gmail.com','Hòa Bình',267,'Huyện Cao Phong',2087,'Xã Thu Phong','231109','AAS','2024-11-10 10:30:00.000000',4,NULL,0.00,34000.00,_binary '',NULL,NULL,'2024-11-10 10:30:00.000000','2024-11-10 10:30:00.000000','2024-11-10 10:30:00.000000','2024-11-10 10:30:00.000000',0,NULL),('i61iZkiQ',NULL,'2ELUCKRF','Nguyễn Bá Phước','0971373306','baphuoc03@gmail.com','Hà Nội',201,'Huyện Đan Phượng',1804,'Xã Đồng Tháp','1B2203','Liên hà','2024-11-10 10:30:00.000000',4,NULL,30000.00,29000.00,_binary '','Khách không mua nữa',NULL,'2024-11-10 10:30:00.000000','2024-11-10 10:30:00.000000','2024-11-10 10:30:00.000000','2024-11-10 10:30:00.000000',1,NULL),('idTvVPWL',NULL,NULL,'phuoc','0866684392','ngguyenducyvxjvh@gmail.vom','Bắc Ninh',249,'Huyện Lương Tài',1969,'Xã Trung Chính','190812','112 phu dien','2024-11-10 10:30:00.000000',2,NULL,0.00,34000.00,_binary '',NULL,NULL,'2024-11-10 10:30:00.000000','2024-11-10 10:30:00.000000','2024-11-10 10:30:00.000000','2024-11-10 10:30:00.000000',0,NULL),('IgR0hKsM',NULL,NULL,'Khách lẻ','0000000000',NULL,'a',1,'a',1,'a','12','a','2024-11-10 10:30:00.000000',4,NULL,0.00,0.00,_binary '',NULL,NULL,'2024-11-10 10:30:00.000000','2024-11-10 10:30:00.000000','2024-11-10 10:30:00.000000','2024-11-10 10:30:00.000000',1,'hieuchinh'),('Ik2hjh7b',NULL,NULL,'hien','0339263495','phunghien724@gmail.com','Hà Nội',201,'Huyện Chương Mỹ',1915,'Xã Hữu Văn','1B2113','Ha Noi','2024-11-10 10:30:00.000000',4,NULL,0.00,29000.00,_binary '',NULL,NULL,'2024-11-10 10:30:00.000000','2024-11-10 10:30:00.000000','2024-11-10 10:30:00.000000','2024-11-10 10:30:00.000000',0,NULL),('iNNV8KOl',NULL,NULL,'qwe','0987654321','phuoc@gmail.com','Hưng Yên',268,'Huyện Văn Giang',2045,'false','221007','asd','2024-11-10 10:30:00.000000',4,'asd',0.00,NULL,_binary '',NULL,NULL,'2024-11-10 10:30:00.000000','2024-11-10 10:30:00.000000','2024-11-10 10:30:00.000000','2024-11-10 10:30:00.000000',0,NULL),('iNZ6uNPL',NULL,NULL,'Phạm tuấn anh','0987654321','baphuoc03@gmail.com','Hưng Yên',268,'Huyện Yên Mỹ',1828,'Xã Trung Hòa','220513','liên hà','2024-11-10 10:30:00.000000',4,NULL,0.00,34000.00,_binary '','hahaa',NULL,'2024-11-10 10:30:00.000000','2024-11-10 10:30:00.000000','2024-11-10 10:30:00.000000','2024-11-10 10:30:00.000000',0,NULL),('IpG8Ibif',NULL,NULL,'ádas','0987654321','baphuoc03@gmail.com','Hòa Bình',267,'Thành phố Hòa Bình',1678,'Xã Thái Thịnh','230112','liên hà','2024-11-10 10:30:00.000000',4,NULL,0.00,29000.00,_binary '',NULL,NULL,'2024-11-10 10:30:00.000000','2024-11-10 10:30:00.000000','2024-11-10 10:30:00.000000','2024-11-10 10:30:00.000000',0,NULL),('j15c5zNV',NULL,NULL,'Khách lẻ','0000000000',NULL,'a',1,'a',1,'a','12','a','2024-11-10 10:30:00.000000',5,NULL,0.00,0.00,_binary '',NULL,NULL,'2024-11-10 10:30:00.000000','2024-11-10 10:30:00.000000','2024-11-10 10:30:00.000000','2024-11-10 10:30:00.000000',1,'hieuchinh'),('jbHvnu96',NULL,'2ELUCKRF','Nguyễn Bá Phước','0971373306','baphuoc03@gmail.com','Hòa Bình',267,'Huyện Lạc Sơn',2156,'Xã Vũ Lâm','230526','Liên hà','2024-11-10 10:30:00.000000',4,NULL,30000.00,34000.00,_binary '\0',NULL,NULL,'2024-11-10 10:30:00.000000','2024-11-10 10:30:00.000000','2024-11-10 10:30:00.000000','2024-11-10 10:30:00.000000',0,NULL),('JfP6wyiH',NULL,NULL,'phuoc','0971373306','vuongdo2903@gmail.com','Hải Phòng',224,'Huyện Vĩnh Bảo',1822,'Xã Cổ Am','31204','Nguyễn Trường Phước','2024-11-10 10:30:00.000000',2,NULL,0.00,34000.00,_binary '',NULL,NULL,'2024-11-10 10:30:00.000000','2024-11-10 10:30:00.000000','2024-11-10 10:30:00.000000','2024-11-10 10:30:00.000000',0,NULL),('Jfplcb7I',NULL,NULL,'Nguyễn Bá Phước','0971373306','baphuoc03@gmail.com','Bình Định',262,'Huyện An Lão',1886,'Xã An Nghĩa','370205','asd','2024-11-10 10:30:00.000000',4,NULL,0.00,39001.00,_binary '\0',NULL,NULL,'2024-11-10 10:30:00.000000','2024-11-10 10:30:00.000000','2024-11-10 10:30:00.000000','2024-11-10 10:30:00.000000',0,NULL),('jXVsS9qj',NULL,NULL,'PHước','0971373306',NULL,'a',1,'a',1,'a','12','a','2024-11-10 10:30:00.000000',4,NULL,0.00,0.00,_binary '\0',NULL,NULL,'2024-11-10 10:30:00.000000','2024-11-10 10:30:00.000000','2024-11-10 10:30:00.000000','2024-11-10 10:30:00.000000',1,'hieuchinh'),('K39pveYw','baphuoc',NULL,'Nguyễn Bá Phước','0971373306',NULL,'a',1,'a',1,'a','12','a','2024-11-10 10:30:00.000000',4,NULL,0.00,0.00,_binary '\0',NULL,NULL,'2024-11-10 10:30:00.000000','2024-11-10 10:30:00.000000','2024-11-10 10:30:00.000000','2024-11-10 10:30:00.000000',1,'hieuchinh'),('K8FBe8Cj','baphuoc',NULL,'Nguyễn Bá Phước','0971373306','vvtrong203@gmail.com','Cà Mau',252,'Huyện Năm Căn',1783,'Xã Đất Mới','610802','Liên hà','2024-12-08 10:52:26.230000',5,NULL,0.00,39001.00,_binary '\0',NULL,NULL,NULL,NULL,NULL,NULL,0,NULL),('kh3dzSv7',NULL,NULL,'Phước','0971373306','baphuoc03@gmail.com','Yên Bái',263,'Huyện Mù Cang Chải',1977,'Xã Lao Chải','130510','a','2024-11-10 10:30:00.000000',4,NULL,0.00,34000.00,_binary '\0',NULL,NULL,'2024-11-10 10:30:00.000000','2024-11-10 10:30:00.000000','2024-11-10 10:30:00.000000','2024-11-10 10:30:00.000000',0,NULL),('KjBRZHqd',NULL,NULL,'Khách lẻ1','0000000001',NULL,'a',1,'a',1,'a','12','a','2024-11-10 10:30:00.000000',0,NULL,0.00,0.00,_binary '','Thích',NULL,'2024-11-10 10:30:00.000000','2024-11-10 10:30:00.000000','2024-11-10 10:30:00.000000','2024-11-10 10:30:00.000000',1,'hieuchinh'),('KK8WNmXb',NULL,NULL,'Khách lẻ','0000000000',NULL,'a',1,'a',1,'a','12','a','2024-11-10 10:30:00.000000',4,NULL,0.00,0.00,_binary '\0',NULL,NULL,'2024-11-10 10:30:00.000000','2024-11-10 10:30:00.000000','2024-11-10 10:30:00.000000','2024-11-10 10:30:00.000000',1,NULL),('klqLW6fR',NULL,'2ELUCKRF','Nguyễn Bá Phước','0971373306','baphuoc03@gmail.com','Lai Châu',264,'Huyện Phong Thổ',1989,'Xã Pa Vây Sử','70314','Nguyễn Bá Phước','2024-11-10 10:30:00.000000',4,NULL,30000.00,34000.00,_binary '\0',NULL,NULL,'2024-11-10 10:30:00.000000','2024-11-10 10:30:00.000000','2024-11-10 10:30:00.000000','2024-11-10 10:30:00.000000',0,NULL),('KlxxQ770',NULL,NULL,'Nguyễn Bá Phước','0971373306','baphuoc03@gmail.com','Hòa Bình',267,'Huyện Lạc Sơn',2156,'Xã Văn Nghĩa','230524','Liên hà','2024-11-10 10:30:00.000000',0,NULL,0.00,34000.00,_binary '','q',NULL,'2024-11-10 10:30:00.000000','2024-11-10 10:30:00.000000','2024-11-10 10:30:00.000000','2024-11-10 10:30:00.000000',0,NULL),('kmB81qfz',NULL,'2ELUCKRF','tuan','0987654321','tuanph21724@gmail.com','Hòa Bình',267,'Huyện Lạc Sơn',2156,'Xã Yên Nghiệp','230528','thành công','2024-11-10 10:30:00.000000',4,NULL,30000.00,34000.00,_binary '',NULL,NULL,'2024-11-10 10:30:00.000000','2024-11-10 10:30:00.000000','2024-11-10 10:30:00.000000','2024-11-10 10:30:00.000000',0,NULL),('kYxPI69O',NULL,NULL,'Nguyễn Bá Phước','0971373306',NULL,'a',1,'a',1,'a','12','a','2024-11-10 10:30:00.000000',4,NULL,0.00,0.00,_binary '',NULL,NULL,'2024-11-10 10:30:00.000000','2024-11-10 10:30:00.000000','2024-11-10 10:30:00.000000','2024-11-10 10:30:00.000000',1,'hieuchinh'),('L390mm48',NULL,NULL,'Dương Văn Tuấn','0987654321','tuandv@gmail.com','Yên Bái',263,'Huyện Mù Cang Chải',1977,'Xã Mồ Dề','130511','aa','2024-11-10 10:30:00.000000',4,NULL,0.00,34000.00,_binary '',NULL,NULL,'2024-11-10 10:30:00.000000','2024-11-10 10:30:00.000000','2024-11-10 10:30:00.000000','2024-11-10 10:30:00.000000',0,NULL),('l9LQk5jC','baphuoc','2ELUCKRF','Nguyễn Bá Phước','0971373306','vvtrong203@gmail.com','Cà Mau',252,'Huyện Năm Căn',1783,'Xã Đất Mới','610802','Liên hà','2024-12-08 08:11:56.450000',2,NULL,30000.00,39001.00,_binary '',NULL,NULL,NULL,NULL,NULL,NULL,0,NULL),('Le0jfMmy',NULL,NULL,'Khách lẻ','0000000000',NULL,'a',1,'a',1,'a','12','a','2024-11-10 10:30:00.000000',4,NULL,0.00,0.00,_binary '\0',NULL,NULL,'2024-11-10 10:30:00.000000','2024-11-10 10:30:00.000000','2024-11-10 10:30:00.000000','2024-11-10 10:30:00.000000',1,'hieuchinh'),('LIfnKiei',NULL,NULL,'Đào Duy Khánh','0339263495','vuongdo2903@gmail.com','Bắc Giang',248,'Huyện Lục Ngạn',1966,'Xã Trù Hựu','180329','sssas','2024-11-10 10:30:00.000000',5,NULL,0.00,34000.00,_binary '\0',NULL,NULL,'2024-11-10 10:30:00.000000','2024-11-10 10:30:00.000000','2024-11-10 10:30:00.000000','2024-11-10 10:30:00.000000',0,NULL),('lJAXTxnG',NULL,NULL,'Khách lẻ','0000000000',NULL,'a',1,'a',1,'a','12','a','2024-11-10 10:30:00.000000',4,NULL,0.00,0.00,_binary '\0',NULL,NULL,'2024-11-10 10:30:00.000000','2024-11-10 10:30:00.000000','2024-11-10 10:30:00.000000','2024-11-10 10:30:00.000000',1,'hieuchinh'),('ljnvRQTM','baphuoc',NULL,NULL,'0987654321','baphuoc03@gmail.com','Điện Biên',265,'Huyện Tuần Giáo',2022,'Xã Quài Tở','620415','liên hà','2024-11-10 10:30:00.000000',4,NULL,0.00,34000.00,_binary '','1111',NULL,'2024-11-10 10:30:00.000000','2024-11-10 10:30:00.000000','2024-11-10 10:30:00.000000','2024-11-10 10:30:00.000000',0,NULL),('lMER6DIY',NULL,NULL,'Nguyễn Bá Phước','0971373306','baphuoc03@gmail.com','Điện Biên',265,'Huyện Tủa Chùa',2021,'Xã Sính Phình','620607','qưe','2024-11-10 10:30:00.000000',4,NULL,0.00,34000.00,_binary '\0',NULL,NULL,'2024-11-10 10:30:00.000000','2024-11-10 10:30:00.000000','2024-11-10 10:30:00.000000','2024-11-10 10:30:00.000000',0,NULL),('lUK9RfXM','baphuoc',NULL,'Nguyễn Bá Phước','0971373306',NULL,'a',1,'a',1,'a','12','a','2024-11-10 10:30:00.000000',4,NULL,0.00,0.00,_binary '',NULL,NULL,'2024-11-10 10:30:00.000000','2024-11-10 10:30:00.000000','2024-11-10 10:30:00.000000','2024-11-10 10:30:00.000000',1,'hieuchinh'),('lvi3nBGv',NULL,NULL,'Dương Văn Tuấn','0987654321',NULL,'a',1,'a',1,'a','12','a','2024-11-10 10:30:00.000000',4,NULL,0.00,0.00,_binary '\0',NULL,NULL,'2024-11-10 10:30:00.000000','2024-11-10 10:30:00.000000','2024-11-10 10:30:00.000000','2024-11-10 10:30:00.000000',1,'hieuchinh'),('lvkq7UID',NULL,NULL,'Hang','0123456789','baphuoc03@gmail.com','Hồ Chí Minh',202,'Huyện Bình Chánh',1533,'Xã Tân Quý Tây','22014','Hang','2024-11-10 10:30:00.000000',4,NULL,0.00,39001.00,_binary '',NULL,NULL,'2024-11-10 10:30:00.000000','2024-11-10 10:30:00.000000','2024-11-10 10:30:00.000000','2024-11-10 10:30:00.000000',0,NULL),('LXOZDe56',NULL,NULL,'Phước','0987654111',NULL,'a',1,'a',1,'a','12','a','2024-11-10 10:30:00.000000',0,NULL,0.00,0.00,_binary '','a',NULL,'2024-11-10 10:30:00.000000','2024-11-10 10:30:00.000000','2024-11-10 10:30:00.000000','2024-11-10 10:30:00.000000',1,'hieuchinh'),('LZNMbf3E',NULL,'ZGBSS01D','Nguyễn Bá Phước','0971373306','baphuoc03@gmail.com','Bình Định',262,'Thị xã An Nhơn',1769,'Xã Nhơn An','371006','Nguyễn Bá Phước','2024-11-10 10:30:00.000000',4,NULL,30000.00,39001.00,_binary '\0',NULL,NULL,'2024-11-10 10:30:00.000000','2024-11-10 10:30:00.000000','2024-11-10 10:30:00.000000','2024-11-10 10:30:00.000000',0,NULL),('mdbYHh6w','baphuoc',NULL,'Nguyễn Bá Phước','0971373306','vvtrong203@gmail.com','Cà Mau',252,'Huyện Năm Căn',1783,'Xã Đất Mới','610802','Liên hà','2024-12-08 10:58:47.679000',1,NULL,0.00,39001.00,_binary '\0',NULL,NULL,'2024-12-08 11:01:02.944000',NULL,NULL,NULL,0,NULL),('MDN6apc1',NULL,NULL,'Nguyễn Bá Phước','0971373306','baphuoc03@gmail.com','Hà Nội',201,'Huyện Đan Phượng',1804,'Xã Liên Hà','1B2206','Liên hà','2024-11-10 10:30:00.000000',0,NULL,0.00,29000.00,_binary '','khach huy',NULL,'2024-11-10 10:30:00.000000','2024-11-10 10:30:00.000000','2024-11-10 10:30:00.000000','2024-11-10 10:30:00.000000',0,NULL),('METQb9cg',NULL,'68JEOT7D','Nguyễn Bá Phước','0971373306','baphuoc03@gmail.com','Quảng Ngãi',242,'Huyện Tây Trà',2222,'Xã Trà Thọ','351407','11111','2024-11-10 10:30:00.000000',0,NULL,100000.00,39001.00,_binary '','thích',NULL,'2024-11-10 10:30:00.000000','2024-11-10 10:30:00.000000','2024-11-10 10:30:00.000000','2024-11-10 10:30:00.000000',0,NULL),('MFcHNraT',NULL,NULL,'Dương Văn Tuấn','0987654321',NULL,'a',1,'a',1,'a','12','a','2024-11-10 10:30:00.000000',4,NULL,0.00,0.00,_binary '\0',NULL,NULL,'2024-11-10 10:30:00.000000','2024-11-10 10:30:00.000000','2024-11-10 10:30:00.000000','2024-11-10 10:30:00.000000',1,NULL),('miexuXOg',NULL,NULL,'Nguyễn Bá Phước64','0971373306','baphuoc03@gmail.com','Hòa Bình',267,'Huyện Cao Phong',2087,'Xã Thung Nai','231110','Nguyễn Bá Phước','2024-11-10 10:30:00.000000',2,NULL,0.00,34000.00,_binary '',NULL,NULL,'2024-11-10 10:30:00.000000','2024-11-10 10:30:00.000000','2024-11-10 10:30:00.000000','2024-11-10 10:30:00.000000',0,NULL),('mkhGqV9J',NULL,NULL,'Nguyễn Bá Phước','0971373306','baphuoc03@gmail.com','Hà Nội',201,'Huyện Đan Phượng',1804,'Xã Liên Hà','1B2206','Liên hà','2024-11-10 10:30:00.000000',4,NULL,0.00,29000.00,_binary '',NULL,NULL,'2024-11-10 10:30:00.000000','2024-11-10 10:30:00.000000','2024-11-10 10:30:00.000000','2024-11-10 10:30:00.000000',0,NULL),('mpD2quPO',NULL,NULL,'PHước','0971373306',NULL,'a',1,'a',1,'a','12','a','2024-11-10 10:30:00.000000',4,NULL,0.00,0.00,_binary '',NULL,NULL,'2024-11-10 10:30:00.000000','2024-11-10 10:30:00.000000','2024-11-10 10:30:00.000000','2024-11-10 10:30:00.000000',1,'hieuchinh'),('MX6mv8Q0',NULL,NULL,'Khách lẻ','0000000000',NULL,'a',1,'a',1,'a','12','a','2024-11-10 10:30:00.000000',4,NULL,0.00,0.00,_binary '',NULL,NULL,'2024-11-10 10:30:00.000000','2024-11-10 10:30:00.000000','2024-11-10 10:30:00.000000','2024-11-10 10:30:00.000000',1,'hieuchinh'),('mYW4nEWB',NULL,NULL,'Nguyễn Bá Phước','0971373306','baphuoc03@gmail.com','Hà Nội',201,'Huyện Đan Phượng',1804,'Xã Liên Hà','1B2206','Liên hà','2024-11-10 10:30:00.000000',0,NULL,0.00,29000.00,_binary '','dff',NULL,'2024-11-10 10:30:00.000000','2024-11-10 10:30:00.000000','2024-11-10 10:30:00.000000','2024-11-10 10:30:00.000000',0,NULL),('MZ3yxa2z',NULL,NULL,'Nguyễn Bá Phước','0971373306','baphuoc03@gmail.com','Hà Nội',201,'Huyện Đan Phượng',1804,'Xã Liên Hà','1B2206','Liên hà','2024-11-10 10:30:00.000000',4,NULL,0.00,29000.00,_binary '\0',NULL,NULL,'2024-11-10 10:30:00.000000','2024-11-10 10:30:00.000000','2024-11-10 10:30:00.000000','2024-11-10 10:30:00.000000',0,NULL),('N0wiqf6h',NULL,NULL,'Nguyễn Bá Phước','0971373306','baphuoc03@gmail.com','Điện Biên',265,'Thành phố Điện Biên Phủ',1676,'Xã Thanh Minh','620109','asd','2024-11-10 10:30:00.000000',4,NULL,0.00,29000.00,_binary '',NULL,NULL,'2024-11-10 10:30:00.000000','2024-11-10 10:30:00.000000','2024-11-10 10:30:00.000000','2024-11-10 10:30:00.000000',0,NULL),('N2a5EdzR',NULL,NULL,'Nguyễn Bá Phước','0971373306','baphuoc03@gmail.com','Hưng Yên',268,'Huyện Phù Cừ',2194,'Xã Tống Phan','220713','qwe','2024-11-10 10:30:00.000000',4,NULL,0.00,34000.00,_binary '\0',NULL,NULL,'2024-11-10 10:30:00.000000','2024-11-10 10:30:00.000000','2024-11-10 10:30:00.000000','2024-11-10 10:30:00.000000',0,NULL),('NcjzOV9j',NULL,'KGZVUNVN','Nguyễn Bá Phước5','0987654321','baphuoc03@gmail.com','Hưng Yên',268,'Huyện Văn Lâm',2046,'Xã Trưng Trắc','220910','fgh','2024-11-10 10:30:00.000000',4,NULL,100000.00,34000.00,_binary '',NULL,NULL,'2024-11-10 10:30:00.000000','2024-11-10 10:30:00.000000','2024-11-10 10:30:00.000000','2024-11-10 10:30:00.000000',0,NULL),('NCSlQLuN',NULL,NULL,'Nguyễn Bá Phước','0971373306','baphuoc03@gmail.com','Hòa Bình',267,'Huyện Lạc Sơn',2156,'Xã Văn Nghĩa','230524','Liên hà','2024-11-10 10:30:00.000000',4,NULL,0.00,34000.00,_binary '\0',NULL,NULL,'2024-11-10 10:30:00.000000','2024-11-10 10:30:00.000000','2024-11-10 10:30:00.000000','2024-11-10 10:30:00.000000',0,NULL),('NeAQZ6m3',NULL,NULL,'Khách lẻ','0000000000',NULL,'a',1,'a',1,'a','12','a','2024-11-10 10:30:00.000000',0,NULL,0.00,0.00,_binary '','a',NULL,'2024-11-10 10:30:00.000000','2024-11-10 10:30:00.000000','2024-11-10 10:30:00.000000','2024-11-10 10:30:00.000000',1,'hieuchinh'),('NHS6xpHd',NULL,NULL,'Khách lẻ','0000000000',NULL,'a',1,'a',1,'a','12','a','2024-11-10 10:30:00.000000',4,NULL,0.00,0.00,_binary '',NULL,NULL,'2024-11-10 10:30:00.000000','2024-11-10 10:30:00.000000','2024-11-10 10:30:00.000000','2024-11-10 10:30:00.000000',1,'hieuchinh'),('nyKpJW8y',NULL,NULL,'Nguyễn Bá Phước','0971373306','baphuoc03@gmail.com','Hà Nội',201,'Huyện Đan Phượng',1804,'Xã Liên Hà','1B2206','Liên hà','2024-11-10 10:30:00.000000',4,NULL,0.00,29000.00,_binary '',NULL,NULL,'2024-11-10 10:30:00.000000','2024-11-10 10:30:00.000000','2024-11-10 10:30:00.000000','2024-11-10 10:30:00.000000',0,NULL),('o3KUNk41',NULL,NULL,'Nguyễn Bá Phước','0971373306','baphuoc03@gmail.com','Sơn La',266,'Huyện Vân Hồ',2255,'Xã Song Khủa','141209','qưe','2024-11-10 10:30:00.000000',4,NULL,0.00,34000.00,_binary '\0',NULL,NULL,'2024-11-10 10:30:00.000000','2024-11-10 10:30:00.000000','2024-11-10 10:30:00.000000','2024-11-10 10:30:00.000000',0,NULL),('OaYa8tG1',NULL,NULL,'Khách lẻ','0000000000',NULL,'a',1,'a',1,'a','12','a','2024-11-10 10:30:00.000000',4,NULL,0.00,0.00,_binary '',NULL,NULL,'2024-11-10 10:30:00.000000','2024-11-10 10:30:00.000000','2024-11-10 10:30:00.000000','2024-11-10 10:30:00.000000',1,NULL),('oeYA72Af',NULL,NULL,'Phước','0987654321','baphuoc03@gmail.com','Quảng Trị',238,'Thị xã Quảng Trị',1621,'Phường 2','320202','liên hà','2024-11-10 10:30:00.000000',4,NULL,0.00,39001.00,_binary '','111',NULL,'2024-11-10 10:30:00.000000','2024-11-10 10:30:00.000000','2024-11-10 10:30:00.000000','2024-11-10 10:30:00.000000',0,NULL),('OfUThwdg',NULL,NULL,'PHước','0971373306',NULL,'a',1,'a',1,'a','12','a','2024-11-10 10:30:00.000000',4,NULL,0.00,0.00,_binary '\0',NULL,NULL,'2024-11-10 10:30:00.000000','2024-11-10 10:30:00.000000','2024-11-10 10:30:00.000000','2024-11-10 10:30:00.000000',1,'hieuchinh'),('oIILmkYl',NULL,'ZGBSS01D','Duowng Van Tuan','0987654321','dvtuan282@gmail.com','Bình Định',262,'Huyện An Lão',1886,'Xã An Hòa','370203','111','2024-11-10 10:30:00.000000',3,NULL,30000.00,39001.00,_binary '\0',NULL,NULL,'2024-11-10 10:30:00.000000','2024-11-10 10:30:00.000000','2024-11-10 10:30:00.000000','2024-11-10 10:30:00.000000',0,NULL),('OiLFNquK',NULL,NULL,'Khách lẻ','0000000000',NULL,'a',1,'a',1,'a','12','a','2024-11-10 10:30:00.000000',4,NULL,0.00,0.00,_binary '\0',NULL,NULL,'2024-11-10 10:30:00.000000','2024-11-10 10:30:00.000000','2024-11-10 10:30:00.000000','2024-11-10 10:30:00.000000',1,'hieuchinh'),('OJ3oUvy6',NULL,NULL,'Nguyễn Bá Phước','0971373306','baphuoc03@gmail.com','Hà Nội',201,'Huyện Đan Phượng',1804,'Xã Liên Hà','1B2206','Liên hà','2024-11-10 10:30:00.000000',0,NULL,0.00,29000.00,_binary '\0','Hết tiền',NULL,'2024-11-10 10:30:00.000000','2024-11-10 10:30:00.000000','2024-11-10 10:30:00.000000','2024-11-10 10:30:00.000000',0,NULL),('OLgMPqT3',NULL,NULL,'Khách lẻ1','0000000001','baphuoc03@gmail.com','Ninh Thuận',261,'Huyện Ninh Hải',1985,'Xã Phương Hải','450304','jj','2024-11-10 10:30:00.000000',4,NULL,0.00,29000.00,_binary '',NULL,NULL,'2024-11-10 10:30:00.000000','2024-11-10 10:30:00.000000','2024-11-10 10:30:00.000000','2024-11-10 10:30:00.000000',0,NULL),('OlSoM2WT','baphuoc',NULL,'phước','0971373306','baphuoc03@gmail.com','Hưng Yên',268,'Huyện Văn Giang',2045,'Xã Tân Tiến','221008','Liên hà','2024-11-10 10:30:00.000000',4,NULL,0.00,34000.00,_binary '',NULL,NULL,'2024-11-10 10:30:00.000000','2024-11-10 10:30:00.000000','2024-11-10 10:30:00.000000','2024-11-10 10:30:00.000000',0,NULL),('oP52xnvs',NULL,NULL,'Đào Duy Khánh','0987654321','vuongdo2903@gmail.com','Lai Châu',264,'Huyện Tân Uyên',2017,'Xã Trung Đồng','70710','ssss','2024-11-10 10:30:00.000000',5,NULL,0.00,34000.00,_binary '\0',NULL,NULL,'2024-11-10 10:30:00.000000','2024-11-10 10:30:00.000000','2024-11-10 10:30:00.000000','2024-11-10 10:30:00.000000',0,NULL),('oTBwvKio',NULL,NULL,'phước','0971373306','vuongdo2903@gmail.com','Quảng Ninh',230,'Thành phố Cẩm Phả',1683,'Phường Cẩm Thịnh','170208','Nguyễn Phước','2024-11-10 10:30:00.000000',2,NULL,0.00,29000.00,_binary '',NULL,NULL,'2024-11-10 10:30:00.000000','2024-11-10 10:30:00.000000','2024-11-10 10:30:00.000000','2024-11-10 10:30:00.000000',0,NULL),('PCJrjqs8',NULL,'5M2MX1TX','Nguyễn Bá Phước','0971373306','baphuoc03@gmail.com','Hà Nội',201,'Huyện Đan Phượng',1804,'Xã Liên Hà','1B2206','Liên hà','2024-11-10 10:30:00.000000',4,NULL,160000.00,0.00,_binary '\0',NULL,NULL,'2024-11-10 10:30:00.000000','2024-11-10 10:30:00.000000','2024-11-10 10:30:00.000000','2024-11-10 10:30:00.000000',0,NULL),('pJI4L3em','baphuoc',NULL,'Nguyễn Bá Phước','0971373306','vvtrong203@gmail.com','Cà Mau',252,'Huyện Năm Căn',1783,'Xã Đất Mới','610802','Liên hà','2024-12-08 10:44:45.206000',5,NULL,0.00,39001.00,_binary '\0',NULL,NULL,NULL,NULL,NULL,NULL,0,NULL),('POrYNn3A',NULL,NULL,'Khách hàng','0971373311','baphuoc03@gmail.com','Lai Châu',264,'Huyện Phong Thổ',1989,'Xã Pa Vây Sử','70314','123','2024-11-10 10:30:00.000000',0,NULL,0.00,34000.00,_binary '','Khách mua nhầm',NULL,'2024-11-10 10:30:00.000000','2024-11-10 10:30:00.000000','2024-11-10 10:30:00.000000','2024-11-10 10:30:00.000000',0,NULL),('pv249f4v',NULL,'2ELUCKRF','Nguyễn Bá Phước','0971373306','baphuoc03@gmail.com','Hòa Bình',267,'Huyện Lạc Sơn',2156,'Xã Yên Nghiệp','230528','dffd','2024-11-10 10:30:00.000000',4,NULL,30000.00,34000.00,_binary '\0',NULL,NULL,'2024-11-10 10:30:00.000000','2024-11-10 10:30:00.000000','2024-11-10 10:30:00.000000','2024-11-10 10:30:00.000000',0,NULL),('pVsna5Bw','baphuoc',NULL,'Nguyễn Bá Phước','0971373306','vvtrong203@gmail.com','Cà Mau',252,'Huyện Năm Căn',1783,'Xã Đất Mới','610802','Liên hà','2024-12-08 10:48:22.716000',1,NULL,0.00,39001.00,_binary '\0',NULL,NULL,'2024-12-08 10:49:35.122000',NULL,NULL,NULL,0,NULL),('pWhEbbzf','baphuoc',NULL,'Nguyễn Bá Phước','0971373306',NULL,'a',1,'a',1,'a','12','a','2024-11-10 10:30:00.000000',4,NULL,0.00,0.00,_binary '',NULL,NULL,'2024-11-10 10:30:00.000000','2024-11-10 10:30:00.000000','2024-11-10 10:30:00.000000','2024-11-10 10:30:00.000000',1,NULL),('pzh5fSmu',NULL,NULL,'Nguyễn Bá Phước','0971373306','baphuoc03@gmail.com','Hà Nội',201,'Huyện Đan Phượng',1804,'Xã Liên Hà','1B2206','Liên hà','2024-11-10 10:30:00.000000',4,NULL,0.00,29000.00,_binary '\0',NULL,NULL,'2024-11-10 10:30:00.000000','2024-11-10 10:30:00.000000','2024-11-10 10:30:00.000000','2024-11-10 10:30:00.000000',0,NULL),('q2LTsqrb',NULL,NULL,'Nguyễn Bá Phước1','0971373306','baphuoc03@gmail.com','Quảng Ngãi',242,'Huyện Tây Trà',2222,'Xã Trà Thọ','351407','11111','2024-11-10 10:30:00.000000',4,NULL,0.00,39001.00,_binary '\0',NULL,NULL,'2024-11-10 10:30:00.000000','2024-11-10 10:30:00.000000','2024-11-10 10:30:00.000000','2024-11-10 10:30:00.000000',0,NULL),('Q2Smx931',NULL,'KGZVUNVN','sss','0987654321','s@gmail.com','Bắc Giang',248,'Huyện Hiệp Hòa',1759,'Xã Đức Thắng','180709','s','2024-11-10 10:30:00.000000',0,NULL,100000.00,34000.00,_binary '','Nghi le',NULL,'2024-11-10 10:30:00.000000','2024-11-10 10:30:00.000000','2024-11-10 10:30:00.000000','2024-11-10 10:30:00.000000',0,NULL),('qg59sZgh',NULL,'WE08CAAN','Nguyễn Bá Phước','0987654321','baphuoc03@gmail.com','Lào Cai',269,'Huyện Mường Khương',2171,'Xã Tả Thàng','80914','Dan Phuong','2024-11-10 10:30:00.000000',2,NULL,93185.04,34000.00,_binary '',NULL,NULL,'2024-11-10 10:30:00.000000','2024-11-10 10:30:00.000000','2024-11-10 10:30:00.000000','2024-11-10 10:30:00.000000',0,NULL),('qjQ3N2PM',NULL,'KGZVUNVN','Nguyễn Bá Phước','0987654321','baphuoc03@gmail.com','Hưng Yên',268,'Huyện Phù Cừ',2194,'Xã Tiền Tiến','220712','DDan phuong','2024-11-10 10:30:00.000000',4,NULL,100000.00,34000.00,_binary '',NULL,NULL,'2024-11-10 10:30:00.000000','2024-11-10 10:30:00.000000','2024-11-10 10:30:00.000000','2024-11-10 10:30:00.000000',0,NULL),('qJqfh2hC',NULL,NULL,'Nguyễn Bá Phước','0971373306','baphuoc03@gmail.com','Sơn La',266,'Huyện Quỳnh Nhai',2204,'Xã Chiềng Ơn','140205','Nguyễn Bá Phước','2024-11-10 10:30:00.000000',4,NULL,0.00,34000.00,_binary '\0',NULL,NULL,'2024-11-10 10:30:00.000000','2024-11-10 10:30:00.000000','2024-11-10 10:30:00.000000','2024-11-10 10:30:00.000000',0,NULL),('qklP1YjD',NULL,NULL,'Nguyễn Bá Phước','0971373306','baphuoc03@gmail.com','Hà Nội',201,'Huyện Đan Phượng',1804,'Xã Liên Hà','1B2206','Liên hà','2024-11-10 10:30:00.000000',4,NULL,0.00,29000.00,_binary '\0',NULL,NULL,'2024-11-10 10:30:00.000000','2024-11-10 10:30:00.000000','2024-11-10 10:30:00.000000','2024-11-10 10:30:00.000000',0,NULL),('qP06iVx2','baphuoc',NULL,'Nguyễn Bá Phước','0971373306',NULL,'a',1,'a',1,'a','12','a','2024-11-10 10:30:00.000000',4,NULL,0.00,0.00,_binary '',NULL,NULL,'2024-11-10 10:30:00.000000','2024-11-10 10:30:00.000000','2024-11-10 10:30:00.000000','2024-11-10 10:30:00.000000',1,'hieuchinh'),('qQQQEOz5',NULL,NULL,'Nguyễn Bá Phước','0971373306','baphuoc03@gmail.com','Hà Nội',201,'Huyện Thanh Trì',1710,'Xã Vạn Phúc','1A1114','Liên hà','2024-11-10 10:30:00.000000',0,NULL,0.00,29000.00,_binary '\0','1111',NULL,'2024-11-10 10:30:00.000000','2024-11-10 10:30:00.000000','2024-11-10 10:30:00.000000','2024-11-10 10:30:00.000000',0,NULL),('qr71KGlc',NULL,'WE08CAAN','Rooney','0987654321','vuongdo2903@gmail.com','Lạng Sơn',247,'Huyện Cao Lộc',1904,'Xã Công Sơn','100706','No Ban','2024-11-10 10:30:00.000000',2,NULL,100000.00,29000.00,_binary '',NULL,NULL,'2024-11-10 10:30:00.000000','2024-11-10 10:30:00.000000','2024-11-10 10:30:00.000000','2024-11-10 10:30:00.000000',0,NULL),('R3Le4EdM',NULL,'KGZVUNVN','Rooney','0987654321','v@gmail.com','Lạng Sơn',247,'Huyện Văn Quan',3311,'Xã Phú Mỹ','100610','sáasas','2024-11-10 10:30:00.000000',0,NULL,100000.00,34000.00,_binary '','Nghi le',NULL,'2024-11-10 10:30:00.000000','2024-11-10 10:30:00.000000','2024-11-10 10:30:00.000000','2024-11-10 10:30:00.000000',0,NULL),('RbU3uCtl','baphuoc',NULL,'Nguyễn Bá Phước','0971373306',NULL,'a',1,'a',1,'a','12','a','2024-11-10 10:30:00.000000',4,NULL,0.00,0.00,_binary '',NULL,NULL,'2024-11-10 10:30:00.000000','2024-11-10 10:30:00.000000','2024-11-10 10:30:00.000000','2024-11-10 10:30:00.000000',1,'hieuchinh'),('rd8yJ8yi',NULL,NULL,'Khách lẻ','0000000000',NULL,'a',1,'a',1,'a','12','a','2024-11-10 10:30:00.000000',4,NULL,0.00,0.00,_binary '',NULL,NULL,'2024-11-10 10:30:00.000000','2024-11-10 10:30:00.000000','2024-11-10 10:30:00.000000','2024-11-10 10:30:00.000000',1,'hieuchinh'),('RdD4mi26',NULL,NULL,'Nguyễn Bá Phước','0971373306','baphuoc03@gmail.com','Hòa Bình',267,'Huyện Lạc Sơn',2156,'Xã Văn Nghĩa','230524','Liên hà','2024-11-10 10:30:00.000000',3,NULL,0.00,34000.00,_binary '\0',NULL,NULL,'2024-11-10 10:30:00.000000','2024-11-10 10:30:00.000000','2024-11-10 10:30:00.000000','2024-11-10 10:30:00.000000',0,NULL),('RERZyYmG',NULL,'2ELUCKRF','PHước','0971373306','vuongdo2903@gmail.com','Lạng Sơn',247,'Huyện Văn Lãng',3310,'Xã Gia Miễn','100405','ssss','2024-11-10 10:30:00.000000',0,NULL,30000.00,34000.00,_binary '','Nghi le',NULL,'2024-11-10 10:30:00.000000','2024-11-10 10:30:00.000000','2024-11-10 10:30:00.000000','2024-11-10 10:30:00.000000',0,NULL),('RgKI9exR',NULL,NULL,'Nguyễn Bá Phước','0971373306','baphuoc03@gmail.com','Đồng Nai',204,'Huyện Cẩm Mỹ',1702,'Xã Xuân Bảo','481108','qqqq','2024-11-10 10:30:00.000000',4,NULL,0.00,39001.00,_binary '',NULL,NULL,'2024-11-10 10:30:00.000000','2024-11-10 10:30:00.000000','2024-11-10 10:30:00.000000','2024-11-10 10:30:00.000000',0,NULL),('RJaVI5JG',NULL,'92I8LA19','PHước','0971373306','vuongdo2903@gmail.com','Lạng Sơn',247,'Huyện Cao Lộc',1904,'Xã Công Sơn','100706','ssss','2024-11-10 10:30:00.000000',4,NULL,50000.00,29000.00,_binary '',NULL,NULL,'2024-11-10 10:30:00.000000','2024-11-10 10:30:00.000000','2024-11-10 10:30:00.000000','2024-11-10 10:30:00.000000',0,NULL),('RJvNXClH',NULL,NULL,'phuoc','0971373306','vuongdo2903@gmail.com','Hòa Bình',267,'Huyện Cao Phong',2087,'Xã Thung Nai','231110','Nguyễn Bá Phước','2024-11-10 10:30:00.000000',2,NULL,0.00,34000.00,_binary '',NULL,NULL,'2024-11-10 10:30:00.000000','2024-11-10 10:30:00.000000','2024-11-10 10:30:00.000000','2024-11-10 10:30:00.000000',0,NULL),('rLS2OYce',NULL,'92I8LA19','phuoc','0971373306','vuongdo2903@gmail.com','Sơn La',266,'Huyện Mường La',3230,'Xã Ngọc Chiến','140314','Nguyễn truong Phước','2024-11-10 10:30:00.000000',2,NULL,50000.00,34000.00,_binary '',NULL,NULL,'2024-11-10 10:30:00.000000','2024-11-10 10:30:00.000000','2024-11-10 10:30:00.000000','2024-11-10 10:30:00.000000',0,NULL),('rO8ruFZ3',NULL,NULL,'Nguyễn Bá Phước1','0971373306','baphuoc03@gmail.com','Quảng Ngãi',242,'Huyện Tây Trà',2222,'Xã Trà Thọ','351407','11111','2024-11-10 10:30:00.000000',3,NULL,0.00,39001.00,_binary '\0',NULL,NULL,'2024-11-10 10:30:00.000000','2024-11-10 10:30:00.000000','2024-11-10 10:30:00.000000','2024-11-10 10:30:00.000000',0,NULL),('RTWbqFqA',NULL,NULL,'Nguyễn Bá Phước','0971373306','baphuoc03@gmail.com','Hòa Bình',267,'Huyện Lạc Sơn',2156,'Xã Văn Nghĩa','230524','Liên hà','2024-11-10 10:30:00.000000',0,NULL,0.00,34000.00,_binary '','q',NULL,'2024-11-10 10:30:00.000000','2024-11-10 10:30:00.000000','2024-11-10 10:30:00.000000','2024-11-10 10:30:00.000000',0,NULL),('RW6ISFYM',NULL,'KGZVUNVN','Duong Van Tuan12','0987654321','baphuoc03@gmail.com','Hưng Yên',268,'Huyện Phù Cừ',2194,'Xã Tống Phan','220713','Ha Noi','2024-11-10 10:30:00.000000',4,NULL,100000.00,34000.00,_binary '',NULL,NULL,'2024-11-10 10:30:00.000000','2024-11-10 10:30:00.000000','2024-11-10 10:30:00.000000','2024-11-10 10:30:00.000000',0,NULL),('RygWG7uD',NULL,NULL,'Tuấn anh','0971373303','baphuoc03@gmail.com','Yên Bái',263,'Huyện Văn Chấn',2044,'Xã Suối Quyền','130626','ád','2024-11-10 10:30:00.000000',4,NULL,0.00,34000.00,_binary '\0',NULL,NULL,'2024-11-10 10:30:00.000000','2024-11-10 10:30:00.000000','2024-11-10 10:30:00.000000','2024-11-10 10:30:00.000000',0,NULL),('sGFNTOxQ',NULL,NULL,'Nguyễn Bá Phước','0971373306','baphuoc03@gmail.com','Hòa Bình',267,'Huyện Kim Bôi',2146,'Xã Trung Bì','230825','asd','2024-11-10 10:30:00.000000',4,NULL,0.00,34000.00,_binary '\0',NULL,NULL,'2024-11-10 10:30:00.000000','2024-11-10 10:30:00.000000','2024-11-10 10:30:00.000000','2024-11-10 10:30:00.000000',0,NULL),('SHFYXfpQ',NULL,NULL,'Nguyễn Bá Phước','0971373306','baphuoc03@gmail.com','Ninh Thuận',261,'Thành phố Phan Rang – Tháp Chàm',1665,'Phường Mỹ Đông','450108','Liên hà b','2024-11-10 10:30:00.000000',4,NULL,0.00,29000.00,_binary '\0',NULL,NULL,'2024-11-10 10:30:00.000000','2024-11-10 10:30:00.000000','2024-11-10 10:30:00.000000','2024-11-10 10:30:00.000000',0,NULL),('SIwH2dhJ',NULL,'7BKW49O1','Nguyễn Bá Phước','0971373306','baphuoc03@gmail.com','Hà Nội',201,'Huyện Đan Phượng',1804,'Xã Hồng Hà','1B2205','Liên hà','2024-11-10 10:30:00.000000',0,NULL,50000.00,29000.00,_binary '\0','as',NULL,'2024-11-10 10:30:00.000000','2024-11-10 10:30:00.000000','2024-11-10 10:30:00.000000','2024-11-10 10:30:00.000000',0,NULL),('SIYJxT1p',NULL,'K3ISG0OP','Rooney','0987654321','vuongdo@gmail.com','Cao Bằng',246,'Huyện Bảo Lâm',1890,'Xã Đức Hạnh','61202','12','2024-11-10 10:30:00.000000',0,NULL,100000.00,34000.00,_binary '','Nghi le',NULL,'2024-11-10 10:30:00.000000','2024-11-10 10:30:00.000000','2024-11-10 10:30:00.000000','2024-11-10 10:30:00.000000',0,NULL),('SjtQ0zjL',NULL,NULL,'Rooney','0987654321','vuongdo2903@gmail.com','Cao Bằng',246,'Thành phố Cao Bằng',1641,'Xã Vĩnh Quang','60111','sss','2024-11-10 10:30:00.000000',4,NULL,0.00,29000.00,_binary '',NULL,NULL,'2024-11-10 10:30:00.000000','2024-11-10 10:30:00.000000','2024-11-10 10:30:00.000000','2024-11-10 10:30:00.000000',0,NULL),('Sk9EzWfS',NULL,NULL,'Khách lẻ','0000000000',NULL,'a',1,'a',1,'a','12','a','2024-11-10 10:30:00.000000',4,NULL,0.00,0.00,_binary '\0',NULL,NULL,'2024-11-10 10:30:00.000000','2024-11-10 10:30:00.000000','2024-11-10 10:30:00.000000','2024-11-10 10:30:00.000000',1,'hieuchinh'),('Sl2BvPZN',NULL,NULL,'Nguyễn Bá Phước','0971373306','baphuoc03@gmail.com','Hòa Bình',267,'Huyện Cao Phong',2087,'Xã Thung Nai','231110','Nguyễn Bá Phước','2024-11-10 10:30:00.000000',4,NULL,0.00,34000.00,_binary '\0',NULL,NULL,'2024-11-10 10:30:00.000000','2024-11-10 10:30:00.000000','2024-11-10 10:30:00.000000','2024-11-10 10:30:00.000000',0,NULL),('ssMquyKP',NULL,NULL,'phuoc','0971373306','vuongdo2903@gmail.com','Hòa Bình',267,'Huyện Cao Phong',2087,'Xã Thung Nai','231110','Nguyễn Bá Phước','2024-11-10 10:30:00.000000',4,NULL,0.00,34000.00,_binary '',NULL,NULL,'2024-11-10 10:30:00.000000','2024-11-10 10:30:00.000000','2024-11-10 10:30:00.000000','2024-11-10 10:30:00.000000',0,NULL),('TdnuVcXs',NULL,NULL,'PHước','0971373306',NULL,'a',1,'a',1,'a','12','a','2024-11-10 10:30:00.000000',4,NULL,0.00,0.00,_binary '\0',NULL,NULL,'2024-11-10 10:30:00.000000','2024-11-10 10:30:00.000000','2024-11-10 10:30:00.000000','2024-11-10 10:30:00.000000',1,'hieuchinh'),('THJW2v3K','baphuoc',NULL,'Nguyễn Bá Phước','0971373306',NULL,'a',1,'a',1,'a','12','a','2024-11-10 10:30:00.000000',4,NULL,0.00,0.00,_binary '',NULL,NULL,'2024-11-10 10:30:00.000000','2024-11-10 10:30:00.000000','2024-11-10 10:30:00.000000','2024-11-10 10:30:00.000000',1,'hieuchinh'),('tIcsY8Mj',NULL,NULL,'PHước','0971373306',NULL,'a',1,'a',1,'a','12','a','2024-11-10 10:30:00.000000',0,NULL,0.00,0.00,_binary '\0','aa',NULL,'2024-11-10 10:30:00.000000','2024-11-10 10:30:00.000000','2024-11-10 10:30:00.000000','2024-11-10 10:30:00.000000',1,'hieuchinh'),('TKP8SMKk',NULL,NULL,'Nguyễn Bá Phước','0971373306','baphuoc03@gmail.com','Đà Nẵng',203,'Huyện Hòa Vang',1687,'Xã Hòa Phú','40608','Liên hà','2024-11-10 10:30:00.000000',4,NULL,0.00,39001.00,_binary '\0','aaa',NULL,'2024-11-10 10:30:00.000000','2024-11-10 10:30:00.000000','2024-11-10 10:30:00.000000','2024-11-10 10:30:00.000000',0,NULL),('tV1wCadJ',NULL,'2ELUCKRF','phuoc','0971373306','vuongdo2903@gmail.com','Sơn La',266,'Huyện Yên Châu',2267,'Xã Tú Nang','140813','Nguyễn Phước','2024-11-10 10:30:00.000000',2,NULL,18000.00,34000.00,_binary '',NULL,NULL,'2024-11-10 10:30:00.000000','2024-11-10 10:30:00.000000','2024-11-10 10:30:00.000000','2024-11-10 10:30:00.000000',0,NULL),('TwbeS8OE',NULL,NULL,'phuoc','0971373306','vuongdo2903@gmail.com','Hòa Bình',267,'Huyện Cao Phong',2087,'Xã Thung Nai','231110','Nguyễn Bá Phước','2024-11-10 10:30:00.000000',1,NULL,0.00,34000.00,_binary '',NULL,NULL,'2024-11-10 10:30:00.000000','2024-11-10 10:30:00.000000','2024-11-10 10:30:00.000000','2024-11-10 10:30:00.000000',0,NULL),('twvPRCn1',NULL,NULL,'Nguyễn Bá Phước','0971373306','baphuoc03@gmail.com','Hòa Bình',267,'Huyện Lạc Sơn',2156,'Xã Văn Nghĩa','230524','Liên hà','2024-11-10 10:30:00.000000',0,NULL,0.00,34000.00,_binary '','q',NULL,'2024-11-10 10:30:00.000000','2024-11-10 10:30:00.000000','2024-11-10 10:30:00.000000','2024-11-10 10:30:00.000000',0,NULL),('TxOuJIam','baphuoc',NULL,'phucows','0987654321','baphuoc03@gmail.com','Điện Biên',265,'Huyện Mường Ảng',2170,'Xã Nặm Lịch','620908','asd','2024-11-10 10:30:00.000000',4,NULL,0.00,34000.00,_binary '',NULL,NULL,'2024-11-10 10:30:00.000000','2024-11-10 10:30:00.000000','2024-11-10 10:30:00.000000','2024-11-10 10:30:00.000000',0,NULL),('u1HaWGZ1','baphuoc',NULL,'Nguyễn Bá Phước','0971373306',NULL,'a',1,'a',1,'a','12','a','2024-11-10 10:30:00.000000',4,NULL,0.00,0.00,_binary '\0',NULL,NULL,'2024-11-10 10:30:00.000000','2024-11-10 10:30:00.000000','2024-11-10 10:30:00.000000','2024-11-10 10:30:00.000000',1,'hieuchinh'),('U2g3yQoG',NULL,NULL,'vuong','0339263495','vuongdo2903@gmail.com','Hà Nội',201,'Huyện Thường Tín',3303,'Xã Vân Tảo','1B2728','No Ban','2024-11-10 10:30:00.000000',4,NULL,0.00,29000.00,_binary '',NULL,NULL,'2024-11-10 10:30:00.000000','2024-11-10 10:30:00.000000','2024-11-10 10:30:00.000000','2024-11-10 10:30:00.000000',0,NULL),('u5x63b2J',NULL,NULL,'Dương Văn Tuấn','0987654321',NULL,'a',1,'a',1,'a','12','a','2024-11-10 10:30:00.000000',0,NULL,0.00,0.00,_binary '','q',NULL,'2024-11-10 10:30:00.000000','2024-11-10 10:30:00.000000','2024-11-10 10:30:00.000000','2024-11-10 10:30:00.000000',1,'hieuchinh'),('UBfrjD8s',NULL,NULL,'Dương Văn Tuấn','0987654321',NULL,'a',1,'a',1,'a','12','a','2024-11-10 10:30:00.000000',4,NULL,0.00,0.00,_binary '',NULL,NULL,'2024-11-10 10:30:00.000000','2024-11-10 10:30:00.000000','2024-11-10 10:30:00.000000','2024-11-10 10:30:00.000000',1,NULL),('uHdA8PQM',NULL,'2ELUCKRF','Nguyễn Bá Phước11','0971373306','baphuoc03@gmail.com','Hà Nội',201,'Huyện Đan Phượng',1804,'Xã Liên Hà','1B2206','Liên hà','2024-11-10 10:30:00.000000',2,NULL,30000.00,29000.00,_binary '',NULL,NULL,'2024-11-10 10:30:00.000000','2024-11-10 10:30:00.000000','2024-11-10 10:30:00.000000','2024-11-10 10:30:00.000000',0,NULL),('UiaQ9eZ3',NULL,NULL,'Nguyễn Bá Phước','0971373306','baphuoc03@gmail.com','Hà Nội',201,'Huyện Đan Phượng',1804,'Xã Liên Hà','1B2206','Liên hà','2024-11-10 10:30:00.000000',4,NULL,0.00,29000.00,_binary '\0',NULL,NULL,'2024-11-10 10:30:00.000000','2024-11-10 10:30:00.000000','2024-11-10 10:30:00.000000','2024-11-10 10:30:00.000000',0,NULL),('Uj6SPqBv',NULL,NULL,'Nguyễn Bá Phước11','0971373306','baphuoc03@gmail.com','Hòa Bình',267,'Huyện Cao Phong',2087,'Xã Thung Nai','231110','Nguyễn Bá Phước','2024-11-10 10:30:00.000000',4,NULL,0.00,34000.00,_binary '',NULL,NULL,'2024-11-10 10:30:00.000000','2024-11-10 10:30:00.000000','2024-11-10 10:30:00.000000','2024-11-10 10:30:00.000000',0,NULL),('UnAF4LNU',NULL,NULL,'Phạm Tuấn Anh','0984732721',NULL,'a',1,'a',1,'a','12','a','2024-11-10 10:30:00.000000',4,NULL,0.00,0.00,_binary '\0',NULL,NULL,'2024-11-10 10:30:00.000000','2024-11-10 10:30:00.000000','2024-11-10 10:30:00.000000','2024-11-10 10:30:00.000000',1,'hieuchinh'),('UNvOw1dJ',NULL,NULL,'Nguyễn Bá Phước','0971373306','baphuoc03@gmail.com','Hà Nội',201,'Huyện Đan Phượng',1804,'Xã Liên Hà','1B2206','Liên hà','2024-11-10 10:30:00.000000',0,NULL,0.00,29000.00,_binary '','khách đặt nhầm',NULL,'2024-11-10 10:30:00.000000','2024-11-10 10:30:00.000000','2024-11-10 10:30:00.000000','2024-11-10 10:30:00.000000',0,NULL),('uSOhfIYB',NULL,NULL,'Phuocws','0971373316',NULL,'a',1,'a',1,'a','12','a','2024-11-10 10:30:00.000000',4,NULL,0.00,0.00,_binary '',NULL,NULL,'2024-11-10 10:30:00.000000','2024-11-10 10:30:00.000000','2024-11-10 10:30:00.000000','2024-11-10 10:30:00.000000',1,'hieuchinh'),('uSoLzJ3J',NULL,NULL,'Phuocws','0971373316',NULL,'a',1,'a',1,'a','12','a','2024-11-10 10:30:00.000000',4,NULL,0.00,0.00,_binary '',NULL,NULL,'2024-11-10 10:30:00.000000','2024-11-10 10:30:00.000000','2024-11-10 10:30:00.000000','2024-11-10 10:30:00.000000',1,'hieuchinh'),('Uu14SZTD',NULL,'69IZ08W6','Nguyễn Bá Phước1','0971373306','baphuoc03@gmail.com','Yên Bái',263,'Huyện Văn Yên',2047,'Xã Yên Hưng','130325','hdhhd','2024-11-10 10:30:00.000000',3,NULL,200000.00,34000.00,_binary '\0',NULL,NULL,'2024-11-10 10:30:00.000000','2024-11-10 10:30:00.000000','2024-11-10 10:30:00.000000','2024-11-10 10:30:00.000000',0,NULL),('UVOtB96X',NULL,NULL,'Khách lẻ','0000000000',NULL,'a',1,'a',1,'a','12','a','2024-11-10 10:30:00.000000',4,NULL,0.00,0.00,_binary '\0',NULL,NULL,'2024-11-10 10:30:00.000000','2024-11-10 10:30:00.000000','2024-11-10 10:30:00.000000','2024-11-10 10:30:00.000000',1,'hieuchinh'),('uwuwMFS1',NULL,NULL,'Nguyễn Bá Phước','0971373306','baphuoc03@gmail.com','Hòa Bình',267,'Huyện Lạc Sơn',2156,'Xã Văn Nghĩa','230524','Liên hà','2024-11-10 10:30:00.000000',0,NULL,0.00,34000.00,_binary '','Huy',NULL,'2024-11-10 10:30:00.000000','2024-11-10 10:30:00.000000','2024-11-10 10:30:00.000000','2024-11-10 10:30:00.000000',0,NULL),('uyBHByh1','baphuoc',NULL,'Nguyễn Bá Phước','0971373306','vvtrong203@gmail.com','Cà Mau',252,'Huyện Năm Căn',1783,'Xã Đất Mới','610802','Liên hà','2024-12-08 10:44:54.917000',5,NULL,0.00,39001.00,_binary '\0',NULL,NULL,NULL,NULL,NULL,NULL,0,NULL),('UYtaXC10',NULL,NULL,'Rooney','0987654321','vuongdo2903@gmail.com','Bắc Giang',248,'Huyện Hiệp Hòa',1759,'Xã Hòa Sơn','180710','ssss','2024-11-10 10:30:00.000000',1,NULL,0.00,34000.00,_binary '',NULL,NULL,'2024-11-10 10:30:00.000000','2024-11-10 10:30:00.000000','2024-11-10 10:30:00.000000','2024-11-10 10:30:00.000000',0,NULL),('VCqFiCBO',NULL,NULL,'PHước','0971373306',NULL,'a',1,'a',1,'a','12','a','2024-11-10 10:30:00.000000',4,NULL,0.00,0.00,_binary '',NULL,NULL,'2024-11-10 10:30:00.000000','2024-11-10 10:30:00.000000','2024-11-10 10:30:00.000000','2024-11-10 10:30:00.000000',1,'hieuchinh'),('VdXoi4ng',NULL,NULL,'Nguyễn Bá Phước','0971373306','baphuoc03@gmail.com','Hưng Yên',268,'Huyện Phù Cừ',2194,'Xã Quang Hưng','220710','phước','2024-11-10 10:30:00.000000',0,NULL,0.00,34000.00,_binary '','333',NULL,'2024-11-10 10:30:00.000000','2024-11-10 10:30:00.000000','2024-11-10 10:30:00.000000','2024-11-10 10:30:00.000000',0,NULL),('VHXWvAHu',NULL,NULL,'Nguyễn Bá Phước','0971373306','vvtrong203@gmail.com','Cà Mau',252,'Huyện Năm Căn',1783,'Xã Đất Mới','610802','Liên hà','2024-12-08 10:10:41.343000',5,NULL,0.00,39001.00,_binary '\0',NULL,NULL,NULL,NULL,NULL,NULL,0,NULL),('Vul1wp0u',NULL,NULL,'PHước','0971373306',NULL,'a',1,'a',1,'a','12','a','2024-11-10 10:30:00.000000',4,NULL,0.00,0.00,_binary '\0',NULL,NULL,'2024-11-10 10:30:00.000000','2024-11-10 10:30:00.000000','2024-11-10 10:30:00.000000','2024-11-10 10:30:00.000000',1,NULL),('VvWMhpD5',NULL,NULL,'PHước','0971373306',NULL,'a',1,'a',1,'a','12','a','2024-11-10 10:30:00.000000',4,NULL,0.00,0.00,_binary '',NULL,NULL,'2024-11-10 10:30:00.000000','2024-11-10 10:30:00.000000','2024-11-10 10:30:00.000000','2024-11-10 10:30:00.000000',1,'hieuchinh'),('vZnAzTi9',NULL,NULL,'Khách lẻ','0000000000',NULL,'a',1,'a',1,'a','12','a','2024-11-10 10:30:00.000000',4,NULL,0.00,0.00,_binary '',NULL,NULL,'2024-11-10 10:30:00.000000','2024-11-10 10:30:00.000000','2024-11-10 10:30:00.000000','2024-11-10 10:30:00.000000',1,'hieuchinh'),('w0AdWh8k',NULL,NULL,'Khách lẻ','0000000000',NULL,'a',1,'a',1,'a','12','a','2024-11-10 10:30:00.000000',4,NULL,0.00,0.00,_binary '\0',NULL,NULL,'2024-11-10 10:30:00.000000','2024-11-10 10:30:00.000000','2024-11-10 10:30:00.000000','2024-11-10 10:30:00.000000',1,'hieuchinh'),('w7fPROMN',NULL,NULL,'Nguyễn Bá Phước','0971373306','baphuoc03@gmail.com','Hòa Bình',267,'Huyện Lạc Sơn',2156,'Xã Văn Nghĩa','230524','Liên hà','2024-11-10 10:30:00.000000',4,NULL,0.00,34000.00,_binary '',NULL,NULL,'2024-11-10 10:30:00.000000','2024-11-10 10:30:00.000000','2024-11-10 10:30:00.000000','2024-11-10 10:30:00.000000',0,NULL),('W9KkZDys',NULL,NULL,'PHước','0971373306',NULL,'a',1,'a',1,'a','12','a','2024-11-10 10:30:00.000000',4,NULL,0.00,0.00,_binary '\0',NULL,NULL,'2024-11-10 10:30:00.000000','2024-11-10 10:30:00.000000','2024-11-10 10:30:00.000000','2024-11-10 10:30:00.000000',1,'hieuchinh'),('wCEEQ7zG',NULL,NULL,'Nguyễn Bá Phước1','0971373306','baphuoc03@gmail.com','Hòa Bình',267,'Huyện Cao Phong',2087,'Xã Thung Nai','231110','Nguyễn Bá Phước','2024-11-10 10:30:00.000000',0,NULL,0.00,34000.00,_binary '\0','không thích mua nữa',NULL,'2024-11-10 10:30:00.000000','2024-11-10 10:30:00.000000','2024-11-10 10:30:00.000000','2024-11-10 10:30:00.000000',0,NULL),('wCq4Q5ho',NULL,'K3ISG0OP','PHước','0971373306','vuongdo2903@gmail.com','Cao Bằng',246,'Thành phố Cao Bằng',1641,'Xã Vĩnh Quang','60111','Rooney','2024-11-10 10:30:00.000000',2,NULL,100000.00,29000.00,_binary '',NULL,NULL,'2024-11-10 10:30:00.000000','2024-11-10 10:30:00.000000','2024-11-10 10:30:00.000000','2024-11-10 10:30:00.000000',0,NULL),('wDvYJ7SN',NULL,'2ELUCKRF','minh','0971373306','vuongdo2903@gmail.com','Sơn La',266,'Huyện Bắc Yên',2079,'Xã Tạ Khoa','140514','minh hoang','2024-11-10 10:30:00.000000',2,NULL,30000.00,34000.00,_binary '',NULL,NULL,'2024-11-10 10:30:00.000000','2024-11-10 10:30:00.000000','2024-11-10 10:30:00.000000','2024-11-10 10:30:00.000000',0,NULL),('Wk9P0viq','baphuoc',NULL,'Nguyễn Bá Phước','0971373306',NULL,'a',1,'a',1,'a','12','a','2024-11-10 10:30:00.000000',4,NULL,0.00,0.00,_binary '',NULL,NULL,'2024-11-10 10:30:00.000000','2024-11-10 10:30:00.000000','2024-11-10 10:30:00.000000','2024-11-10 10:30:00.000000',1,'hieuchinh'),('wliaRo7u',NULL,NULL,'Nguyễn Bá Phước','0971373306','baphuoc03@gmail.com','Hà Nội',201,'Huyện Đan Phượng',1804,'Xã Liên Hà','1B2206','Liên hà','2024-11-10 10:30:00.000000',4,NULL,0.00,29000.00,_binary '\0',NULL,NULL,'2024-11-10 10:30:00.000000','2024-11-10 10:30:00.000000','2024-11-10 10:30:00.000000','2024-11-10 10:30:00.000000',0,NULL),('WNkV1V4F',NULL,NULL,'qwe','0987654321','baphuoc03@gmail.com','Sơn La',266,'Huyện Quỳnh Nhai',2204,'Xã Mường Chiên','140206','asd','2024-11-10 10:30:00.000000',4,NULL,0.00,34000.00,_binary '',NULL,NULL,'2024-11-10 10:30:00.000000','2024-11-10 10:30:00.000000','2024-11-10 10:30:00.000000','2024-11-10 10:30:00.000000',0,NULL),('WRIxFKtP',NULL,NULL,'Rooney','0987654321','vuongdo2903@gmail.com','Lạng Sơn',247,'Huyện Văn Lãng',3310,'Xã Gia Miễn','100405','sss','2024-11-10 10:30:00.000000',1,NULL,0.00,34000.00,_binary '',NULL,NULL,'2024-11-10 10:30:00.000000','2024-11-10 10:30:00.000000','2024-11-10 10:30:00.000000','2024-11-10 10:30:00.000000',0,NULL),('wu6nPtRE',NULL,NULL,'Nguyễn Bá Phước','0971373306','baphuoc03@gmail.com','Hà Nội',201,'Huyện Đan Phượng',1804,'Xã Liên Hà','1B2206','Liên hà','2024-11-10 10:30:00.000000',0,NULL,0.00,29000.00,_binary '','Tạo nhầm',NULL,'2024-11-10 10:30:00.000000','2024-11-10 10:30:00.000000','2024-11-10 10:30:00.000000','2024-11-10 10:30:00.000000',0,NULL),('x8M8fxzr',NULL,NULL,'Khách lẻ1','0000000001',NULL,'a',1,'a',1,'a','12','a','2024-11-10 10:30:00.000000',0,NULL,0.00,0.00,_binary '','Huyr',NULL,'2024-11-10 10:30:00.000000','2024-11-10 10:30:00.000000','2024-11-10 10:30:00.000000','2024-11-10 10:30:00.000000',1,'hieuchinh'),('x8xg9eTo',NULL,NULL,'Nguyễn Bá Phước','0971373306','baphuoc03@gmail.com','Hòa Bình',267,'Huyện Lạc Sơn',2156,'Xã Văn Nghĩa','230524','Liên hà','2024-11-10 10:30:00.000000',4,NULL,0.00,34000.00,_binary '',NULL,NULL,'2024-11-10 10:30:00.000000','2024-11-10 10:30:00.000000','2024-11-10 10:30:00.000000','2024-11-10 10:30:00.000000',0,NULL),('Xa6HQNMH',NULL,NULL,'Phuocws','0971373316',NULL,'a',1,'a',1,'a','12','a','2024-11-10 10:30:00.000000',4,NULL,0.00,0.00,_binary '\0',NULL,NULL,'2024-11-10 10:30:00.000000','2024-11-10 10:30:00.000000','2024-11-10 10:30:00.000000','2024-11-10 10:30:00.000000',1,NULL),('Xdrk0RbG',NULL,NULL,'Phạm Tuấn Anh','0984732721',NULL,'a',1,'a',1,'a','12','a','2024-11-10 10:30:00.000000',5,NULL,0.00,0.00,_binary '',NULL,NULL,'2024-11-10 10:30:00.000000','2024-11-10 10:30:00.000000','2024-11-10 10:30:00.000000','2024-11-10 10:30:00.000000',1,'hieuchinh'),('XlXPqm5J',NULL,'2ELUCKRF','vuong do','0971373306','vuongdo2903@gmail.com','Bắc Giang',248,'Huyện Lục Nam',1965,'Xã Vũ Xá','180526','do vuong','2024-11-10 10:30:00.000000',2,NULL,30000.00,29000.00,_binary '',NULL,NULL,'2024-11-10 10:30:00.000000','2024-11-10 10:30:00.000000','2024-11-10 10:30:00.000000','2024-11-10 10:30:00.000000',0,NULL),('xRki4Fx9',NULL,NULL,'Khách lẻ','0000000000',NULL,'a',1,'a',1,'a','12','a','2024-11-10 10:30:00.000000',4,NULL,0.00,0.00,_binary '',NULL,NULL,'2024-11-10 10:30:00.000000','2024-11-10 10:30:00.000000','2024-11-10 10:30:00.000000','2024-11-10 10:30:00.000000',1,'hieuchinh'),('xs3oaLPK',NULL,NULL,'Khách lẻ','0000000000',NULL,'a',1,'a',1,'a','12','a','2024-11-10 10:30:00.000000',4,NULL,0.00,0.00,_binary '\0',NULL,NULL,'2024-11-10 10:30:00.000000','2024-11-10 10:30:00.000000','2024-11-10 10:30:00.000000','2024-11-10 10:30:00.000000',1,'hieuchinh'),('xtsums8a',NULL,NULL,'Khách lẻ','0000000000',NULL,'a',1,'a',1,'a','12','a','2024-11-10 10:30:00.000000',4,NULL,0.00,0.00,_binary '',NULL,NULL,'2024-11-10 10:30:00.000000','2024-11-10 10:30:00.000000','2024-11-10 10:30:00.000000','2024-11-10 10:30:00.000000',1,'hieuchinh'),('xvpZOQ2P',NULL,NULL,'Khách lẻ3','0000000003',NULL,'a',1,'a',1,'a','12','a','2024-11-10 10:30:00.000000',4,NULL,0.00,0.00,_binary '',NULL,NULL,'2024-11-10 10:30:00.000000','2024-11-10 10:30:00.000000','2024-11-10 10:30:00.000000','2024-11-10 10:30:00.000000',1,'hieuchinh'),('xx7PlUmE',NULL,NULL,'phước','0971373306','baphuoc03@gmail.com','Lào Cai',269,'Huyện Bắc Hà',1892,'Xã Nậm Lúc','80816','Nguyễn Bá Phước','2024-11-10 10:30:00.000000',0,NULL,0.00,34000.00,_binary '\0','2',NULL,'2024-11-10 10:30:00.000000','2024-11-10 10:30:00.000000','2024-11-10 10:30:00.000000','2024-11-10 10:30:00.000000',0,NULL),('XyscYSA1',NULL,NULL,'phước','0971373306','baphuco03@gmail.com','Sơn La',266,'Huyện Quỳnh Nhai',2204,'Xã Mường Sại','140209','phước','2024-11-10 10:30:00.000000',0,NULL,0.00,34000.00,_binary '','asd',NULL,'2024-11-10 10:30:00.000000','2024-11-10 10:30:00.000000','2024-11-10 10:30:00.000000','2024-11-10 10:30:00.000000',0,NULL),('Y04iD7fs',NULL,NULL,'Nguyễn Bá Phước','0971373306','baphuoc03@gmail.com','Hà Nội',201,'Huyện Đan Phượng',1804,'Xã Liên Hà','1B2206','Liên hà','2024-11-10 10:30:00.000000',0,NULL,0.00,29000.00,_binary '\0','Khách mua nhầm',NULL,'2024-11-10 10:30:00.000000','2024-11-10 10:30:00.000000','2024-11-10 10:30:00.000000','2024-11-10 10:30:00.000000',0,NULL),('y1Q6tKQX',NULL,NULL,'PHước','0971373306',NULL,'a',1,'a',1,'a','12','a','2024-11-10 10:30:00.000000',0,NULL,0.00,0.00,_binary '','hyhy',NULL,'2024-11-10 10:30:00.000000','2024-11-10 10:30:00.000000','2024-11-10 10:30:00.000000','2024-11-10 10:30:00.000000',1,'hieuchinh'),('YbjmImzh',NULL,NULL,'Nguyễn Bá Phước','0971373306','baphuoc03@gmail.com','Hà Nội',201,'Huyện Đan Phượng',1804,'Xã Liên Hà','1B2206','Liên hà','2024-11-10 10:30:00.000000',4,NULL,0.00,29000.00,_binary '\0',NULL,NULL,'2024-11-10 10:30:00.000000','2024-11-10 10:30:00.000000','2024-11-10 10:30:00.000000','2024-11-10 10:30:00.000000',0,NULL),('YeGRrXmK',NULL,NULL,'Nguyễn Bá Phước','0971373306','baphuoc03@gmail.com','Hưng Yên',268,'Huyện Văn Giang',2045,'Xã Nghĩa Trụ','221006','qwe','2024-11-10 10:30:00.000000',4,NULL,0.00,34000.00,_binary '',NULL,NULL,'2024-11-10 10:30:00.000000','2024-11-10 10:30:00.000000','2024-11-10 10:30:00.000000','2024-11-10 10:30:00.000000',0,NULL),('YgGtTSRj',NULL,NULL,'Phạm Tuấn Anh','0984732721',NULL,'a',1,'a',1,'a','12','a','2024-11-10 10:30:00.000000',4,NULL,0.00,0.00,_binary '\0',NULL,NULL,'2024-11-10 10:30:00.000000','2024-11-10 10:30:00.000000','2024-11-10 10:30:00.000000','2024-11-10 10:30:00.000000',1,'hieuchinh'),('yN198mo0',NULL,'92I8LA19','Vũ Hải','0971373306','vuongdo2903@gmail.com','Hòa Bình',267,'Huyện Cao Phong',2087,'Xã Thung Nai','231110','Thang long','2024-11-10 10:30:00.000000',4,NULL,50000.00,34000.00,_binary '',NULL,NULL,'2024-11-10 10:30:00.000000','2024-11-10 10:30:00.000000','2024-11-10 10:30:00.000000','2024-11-10 10:30:00.000000',0,NULL),('YRcuPsoM',NULL,NULL,'PHước','0971373306','vuongdo2903@gmail.com','Hà Nội',201,'Huyện Thường Tín',3303,'Xã Vân Tảo','1B2728','No Ban','2024-11-10 10:30:00.000000',4,NULL,0.00,29000.00,_binary '',NULL,NULL,'2024-11-10 10:30:00.000000','2024-11-10 10:30:00.000000','2024-11-10 10:30:00.000000','2024-11-10 10:30:00.000000',0,NULL),('ytqmbcGl',NULL,NULL,'Nguyễn Bá Phước','0971373306','baphuoc03@gmail.com','Hà Nội',201,'Huyện Đan Phượng',1804,'Xã Liên Hà','1B2206','Liên hà','2024-11-10 10:30:00.000000',0,NULL,0.00,29000.00,_binary '','q',NULL,'2024-11-10 10:30:00.000000','2024-11-10 10:30:00.000000','2024-11-10 10:30:00.000000','2024-11-10 10:30:00.000000',0,NULL),('YZaRZTtg',NULL,NULL,'Khách lẻ','0000000000',NULL,'a',1,'a',1,'a','12','a','2024-11-10 10:30:00.000000',4,NULL,0.00,0.00,_binary '',NULL,NULL,'2024-11-10 10:30:00.000000','2024-11-10 10:30:00.000000','2024-11-10 10:30:00.000000','2024-11-10 10:30:00.000000',1,'hieuchinh'),('Z6WwRnLt',NULL,NULL,'Phuocws','0971373316',NULL,'a',1,'a',1,'a','12','a','2024-11-10 10:30:00.000000',4,NULL,0.00,0.00,_binary '\0',NULL,NULL,'2024-11-10 10:30:00.000000','2024-11-10 10:30:00.000000','2024-11-10 10:30:00.000000','2024-11-10 10:30:00.000000',1,'hieuchinh'),('Z8EYXv3X',NULL,NULL,'Khách lẻ','0000000000',NULL,'a',1,'a',1,'a','12','a','2024-11-10 10:30:00.000000',4,NULL,0.00,0.00,_binary '',NULL,NULL,'2024-11-10 10:30:00.000000','2024-11-10 10:30:00.000000','2024-11-10 10:30:00.000000','2024-11-10 10:30:00.000000',1,'hieuchinh'),('ZBCm5XGa',NULL,NULL,'Nguyễn Bá Phước','0971373306','baphuoc03@gmail.com','Hà Nội',201,'Huyện Đan Phượng',1804,'Xã Liên Hà','1B2206','Liên hà','2024-11-10 10:30:00.000000',0,NULL,0.00,29000.00,_binary '','111',NULL,'2024-11-10 10:30:00.000000','2024-11-10 10:30:00.000000','2024-11-10 10:30:00.000000','2024-11-10 10:30:00.000000',0,NULL),('zC5Rj0hh','baphuoc',NULL,'Nguyễn Bá Phước','0971373306','vvtrong203@gmail.com','Cà Mau',252,'Huyện Năm Căn',1783,'Xã Đất Mới','610802','Liên hà','2024-12-08 10:42:29.195000',5,NULL,0.00,39001.00,_binary '\0',NULL,NULL,NULL,NULL,NULL,NULL,0,NULL),('ZDuIxArk',NULL,'92I8LA19','PHước','0971373306','vuongdo2903@gmail.com','Lạng Sơn',247,'Huyện Văn Quan',3311,'Xã Phú Mỹ','100610','Rooney','2024-11-10 10:30:00.000000',0,NULL,50000.00,34000.00,_binary '','Nghi le',NULL,'2024-11-10 10:30:00.000000','2024-11-10 10:30:00.000000','2024-11-10 10:30:00.000000','2024-11-10 10:30:00.000000',0,NULL),('ZNzr0wsX',NULL,NULL,'Nguyễn Bá Phước','0971373306','baphuoc03@gmail.com','Hà Nội',201,'Huyện Thanh Trì',1710,'Xã Vĩnh Quỳnh','1A1115','Liên hà','2024-11-10 10:30:00.000000',0,NULL,0.00,29000.00,_binary '','er',NULL,'2024-11-10 10:30:00.000000','2024-11-10 10:30:00.000000','2024-11-10 10:30:00.000000','2024-11-10 10:30:00.000000',0,NULL),('zvyGcqVb',NULL,NULL,'Khách lẻ','0000000000',NULL,'a',1,'a',1,'a','12','a','2024-11-10 10:30:00.000000',4,NULL,0.00,0.00,_binary '\0',NULL,NULL,'2024-11-10 10:30:00.000000','2024-11-10 10:30:00.000000','2024-11-10 10:30:00.000000','2024-11-10 10:30:00.000000',1,'hieuchinh'),('Zx3KzI2Y','baphuoc','92I8LA19','Nguyễn Bá Phước','0971373306','vvtrong203@gmail.com','Cà Mau',252,'Huyện Năm Căn',1783,'Xã Đất Mới','610802','Liên hà','2024-12-08 08:20:09.752000',1,NULL,50000.00,39001.00,_binary '',NULL,NULL,'2024-12-08 08:23:02.363000',NULL,NULL,NULL,0,NULL);
/*!40000 ALTER TABLE `donhang` ENABLE KEYS */;
UNLOCK TABLES;

--
-- Table structure for table `giohang`
--

DROP TABLE IF EXISTS `giohang`;
/*!40101 SET @saved_cs_client     = @@character_set_client */;
/*!50503 SET character_set_client = utf8mb4 */;
CREATE TABLE `giohang` (
  `id` varchar(255) NOT NULL,
  `ChiTietSanPham` varchar(36) DEFAULT NULL,
  `KhachHang` varchar(45) DEFAULT NULL,
  `soluong` int DEFAULT NULL,
  PRIMARY KEY (`id`),
  KEY `GioHang_ChiTietSanPham` (`ChiTietSanPham`),
  KEY `GioHang_KhachHang_idx` (`KhachHang`),
  CONSTRAINT `FK6hhf8rq2fut2nilncw53wep1e` FOREIGN KEY (`KhachHang`) REFERENCES `khachhang` (`username`),
  CONSTRAINT `FK974s80x4ir1j7ic37hvg19r4y` FOREIGN KEY (`ChiTietSanPham`) REFERENCES `chitietsanpham` (`id`),
  CONSTRAINT `GioHang_ChiTietSanPham` FOREIGN KEY (`ChiTietSanPham`) REFERENCES `chitietsanpham` (`id`) ON DELETE CASCADE ON UPDATE CASCADE,
  CONSTRAINT `GioHang_KhachHang` FOREIGN KEY (`KhachHang`) REFERENCES `khachhang` (`username`) ON DELETE CASCADE ON UPDATE CASCADE
) ENGINE=InnoDB DEFAULT CHARSET=utf8mb4 COLLATE=utf8mb4_0900_ai_ci;
/*!40101 SET character_set_client = @saved_cs_client */;

--
-- Dumping data for table `giohang`
--

LOCK TABLES `giohang` WRITE;
/*!40000 ALTER TABLE `giohang` DISABLE KEYS */;
/*!40000 ALTER TABLE `giohang` ENABLE KEYS */;
UNLOCK TABLES;

--
-- Table structure for table `khachhang`
--

DROP TABLE IF EXISTS `khachhang`;
/*!40101 SET @saved_cs_client     = @@character_set_client */;
/*!50503 SET character_set_client = utf8mb4 */;
CREATE TABLE `khachhang` (
  `username` varchar(20) NOT NULL,
  `password` varchar(255) DEFAULT NULL,
  `hovaten` varchar(255) DEFAULT NULL,
  `NgaySinh` date DEFAULT NULL,
  `GioiTinh` bit(1) DEFAULT NULL,
  `sodienthoai` varchar(255) DEFAULT NULL,
  `email` varchar(255) DEFAULT NULL,
  `anhdaidien` varchar(255) DEFAULT NULL,
  PRIMARY KEY (`username`)
) ENGINE=InnoDB DEFAULT CHARSET=utf8mb4 COLLATE=utf8mb4_0900_ai_ci;
/*!40101 SET character_set_client = @saved_cs_client */;

--
-- Dumping data for table `khachhang`
--

LOCK TABLES `khachhang` WRITE;
/*!40000 ALTER TABLE `khachhang` DISABLE KEYS */;
INSERT INTO `khachhang` VALUES ('baphuoc','123','Nguyễn Bá Phước','2013-02-28',_binary '','0971373306','vvtrong203@gmail.com',NULL),('nktanh','123','Hiền','2009-02-22',_binary '\0','0971373306','vvtrong203@gmail.com',NULL),('nnanh','123','Tuấn','2009-02-22',_binary '','0971373306','vvtrong203@gmail.com',NULL),('ntkha','123','Ly Ly','2009-02-22',_binary '\0','0971373306','vvtrong203@gmail.com',NULL),('vvtrong','123','Vu Van Trong','2024-12-07',_binary '\0','0362815301','vvtrong203@gmail.com',NULL);
/*!40000 ALTER TABLE `khachhang` ENABLE KEYS */;
UNLOCK TABLES;

--
-- Table structure for table `khuyenmai`
--

DROP TABLE IF EXISTS `khuyenmai`;
/*!40101 SET @saved_cs_client     = @@character_set_client */;
/*!50503 SET character_set_client = utf8mb4 */;
CREATE TABLE `khuyenmai` (
  `Ma` varchar(36) NOT NULL,
  `Ten` varchar(200) DEFAULT NULL,
  `Loai` varchar(30) DEFAULT NULL,
  `MucGiam` double DEFAULT NULL,
  `NgayBatDau` datetime DEFAULT NULL,
  `NgayKetThuc` datetime DEFAULT NULL,
  `TrangThai` bit(1) DEFAULT NULL,
  `NgayTao` datetime DEFAULT NULL,
  `NgayCapNhat` datetime DEFAULT CURRENT_TIMESTAMP,
  PRIMARY KEY (`Ma`)
) ENGINE=InnoDB DEFAULT CHARSET=utf8mb4 COLLATE=utf8mb4_0900_ai_ci;
/*!40101 SET character_set_client = @saved_cs_client */;

--
-- Dumping data for table `khuyenmai`
--

LOCK TABLES `khuyenmai` WRITE;
/*!40000 ALTER TABLE `khuyenmai` DISABLE KEYS */;
INSERT INTO `khuyenmai` VALUES ('1KKE6KMS','Tuaan km','PHAN TRAM',12,'2023-12-16 00:00:00','2023-12-19 00:00:00',_binary '',NULL,'2023-12-18 15:00:26'),('D1B9Z9M6','Khuyến mại 20 - 11','PHAN TRAM',10,'2024-10-30 00:00:00','2024-11-10 00:00:00',_binary '\0',NULL,'2024-10-30 22:11:20'),('GR9RIA1W','Black friday 2','TIEN',20000,'2023-11-22 00:00:00','2023-11-27 00:00:00',_binary '',NULL,'2023-12-12 21:05:09'),('JVNMKRNL','Khuyến mại 13/12','TIEN',60000,'2023-12-14 00:00:00','2023-12-15 00:00:00',_binary '\0',NULL,'2023-12-15 15:25:44'),('OBQFZIKC','Khuyến mại 1-5','TIEN',50000,'2024-04-29 00:00:00','2024-05-18 00:00:00',_binary '\0',NULL,'2024-04-29 16:04:04'),('XE53NHX0','Tuấn 12-12','TIEN',120000,'2023-12-18 00:00:00','2023-12-29 00:00:00',_binary '\0','2023-12-18 14:59:55','2023-12-18 14:59:55'),('Z44FUMTN','Hết hạn','PHAN TRAM',33,'2023-11-20 00:00:00','2023-11-21 00:00:00',_binary '','2023-11-22 11:07:02','2023-11-22 11:07:02'),('ZVBSSD2O','Tuan sale','TIEN',10000,'2023-12-18 00:00:00','2023-12-22 00:00:00',_binary '\0',NULL,'2023-12-18 17:21:56');
/*!40000 ALTER TABLE `khuyenmai` ENABLE KEYS */;
UNLOCK TABLES;

--
-- Table structure for table `khuyenmai_sanpham`
--

DROP TABLE IF EXISTS `khuyenmai_sanpham`;
/*!40101 SET @saved_cs_client     = @@character_set_client */;
/*!50503 SET character_set_client = utf8mb4 */;
CREATE TABLE `khuyenmai_sanpham` (
  `KhuyenMai` varchar(36) NOT NULL,
  `SanPham` varchar(50) NOT NULL,
  PRIMARY KEY (`KhuyenMai`,`SanPham`),
  KEY `KMSP_KhuyenMai_idx` (`KhuyenMai`),
  KEY `KMSP_SanPham_idx` (`SanPham`),
  CONSTRAINT `KMSP_KhuyenMai` FOREIGN KEY (`KhuyenMai`) REFERENCES `khuyenmai` (`Ma`) ON DELETE CASCADE ON UPDATE CASCADE,
  CONSTRAINT `KMSP_SanPham` FOREIGN KEY (`SanPham`) REFERENCES `sanpham` (`Ma`) ON DELETE CASCADE ON UPDATE CASCADE
) ENGINE=InnoDB DEFAULT CHARSET=utf8mb4 COLLATE=utf8mb4_0900_ai_ci;
/*!40101 SET character_set_client = @saved_cs_client */;

--
-- Dumping data for table `khuyenmai_sanpham`
--

LOCK TABLES `khuyenmai_sanpham` WRITE;
/*!40000 ALTER TABLE `khuyenmai_sanpham` DISABLE KEYS */;
INSERT INTO `khuyenmai_sanpham` VALUES ('1KKE6KMS','2222'),('D1B9Z9M6','11111'),('D1B9Z9M6','123'),('D1B9Z9M6','124'),('D1B9Z9M6','2222'),('JVNMKRNL','CONVERSE'),('OBQFZIKC','11111'),('Z44FUMTN','124'),('ZVBSSD2O','124');
/*!40000 ALTER TABLE `khuyenmai_sanpham` ENABLE KEYS */;
UNLOCK TABLES;

--
-- Table structure for table `kieudang`
--

DROP TABLE IF EXISTS `kieudang`;
/*!40101 SET @saved_cs_client     = @@character_set_client */;
/*!50503 SET character_set_client = utf8mb4 */;
CREATE TABLE `kieudang` (
  `id` varchar(36) NOT NULL DEFAULT (uuid()),
  `Ten` varchar(200) DEFAULT NULL,
  `NgayTao` datetime DEFAULT NULL,
  `NgayCapNhat` datetime DEFAULT CURRENT_TIMESTAMP,
  PRIMARY KEY (`id`)
) ENGINE=InnoDB DEFAULT CHARSET=utf8mb4 COLLATE=utf8mb4_0900_ai_ci;
/*!40101 SET character_set_client = @saved_cs_client */;

--
-- Dumping data for table `kieudang`
--

LOCK TABLES `kieudang` WRITE;
/*!40000 ALTER TABLE `kieudang` DISABLE KEYS */;
INSERT INTO `kieudang` VALUES ('36302f8d-192d-462a-b63a-168174759d2c','độn đế','2023-09-23 09:51:11','2023-12-14 19:59:50'),('6d66f1f1-f7c9-4a3c-a5cf-93618827fdb4','Cổ thấp','2023-09-10 09:57:07','2023-09-10 09:57:07'),('ba6fa368-4f85-11ee-8a18-ee19b027b30c','Cổ cao','2023-09-10 09:57:07','2023-09-10 09:57:07'),('ef631792-18f9-4172-a6f6-3905127385f4','Thể thao','2023-09-27 09:34:47','2023-09-27 09:34:47');
/*!40000 ALTER TABLE `kieudang` ENABLE KEYS */;
UNLOCK TABLES;

--
-- Table structure for table `mausac`
--

DROP TABLE IF EXISTS `mausac`;
/*!40101 SET @saved_cs_client     = @@character_set_client */;
/*!50503 SET character_set_client = utf8mb4 */;
CREATE TABLE `mausac` (
  `Ma` varchar(36) NOT NULL,
  `Ten` varchar(200) DEFAULT NULL,
  `NgayTao` datetime DEFAULT NULL,
  `NgayCapNhat` datetime DEFAULT CURRENT_TIMESTAMP,
  PRIMARY KEY (`Ma`)
) ENGINE=InnoDB DEFAULT CHARSET=utf8mb4 COLLATE=utf8mb4_0900_ai_ci;
/*!40101 SET character_set_client = @saved_cs_client */;

--
-- Dumping data for table `mausac`
--

LOCK TABLES `mausac` WRITE;
/*!40000 ALTER TABLE `mausac` DISABLE KEYS */;
INSERT INTO `mausac` VALUES ('260b2cb1-aad6-41c0-a76d-8cb98517da3c','Trắng','2023-12-15 09:50:45','2023-12-15 09:50:45'),('27397cbd-438e-4b15-92d4-6602eb5ce72f','Mau aa','2023-12-18 17:12:35','2023-12-18 17:12:35'),('53a3954c-d9db-410f-8034-a51c00709454','nau1','2023-12-18 16:13:51','2023-12-18 16:13:51'),('557450a1-9ff7-4d11-a1bd-6fdcd2c0af0c','Đỏ đen','2023-11-22 21:00:51','2023-12-14 19:57:07'),('590e22d8-83f5-432a-a257-16f2a87033a2','mau huong','2023-12-18 14:47:05','2023-12-18 14:47:05'),('6ccfec50-db6c-4349-9b96-67f91d85086c','Đen đỏ1','2023-12-15 14:51:04','2023-12-15 14:51:11'),('73160f97-817b-45e3-a2ae-f1f118748c02','Đỏ','2023-10-08 19:47:28','2023-10-08 19:47:28'),('7d7143ad-866e-4f06-bd19-13ed56086a8a','màu đen tím','2023-12-18 14:49:39','2023-12-18 14:49:39'),('92579d2c-7352-4c94-95e1-fb91b6b5e198','Đen','2023-12-15 09:52:37','2023-12-15 09:52:37'),('931e01a9-1c0d-4189-8ef4-7532fa3cf145','tuab hing','2023-12-18 16:12:00','2023-12-18 16:12:00'),('95fde6f5-4b51-48ff-af70-2ff19e6f50bf','hong them 1','2023-12-16 15:36:05','2023-12-16 15:36:05'),('9e87d5ac-56b8-48a0-ad54-6c5ec7da7ea5','Tím','2023-12-10 16:42:49','2023-12-10 16:42:49'),('aae35c82-b64a-4ea3-8381-7db6cbad3749','Đỏ mận','2023-10-09 10:49:59','2023-10-09 10:49:59'),('b08cd4b7-3621-4af0-ac95-498a952bbc7a','2','2023-12-17 08:39:33','2023-12-17 08:39:33'),('bff4d751-11ad-4d15-8cb9-0d82fff434ea','Đỏ Trắng','2023-12-06 10:28:40','2023-12-06 10:28:40'),('c6b60b50-fc2b-4b8e-a151-d30213766201','Mau Hoc Lại','2023-12-19 12:01:21','2023-12-19 12:01:21'),('cc32f43f-9017-4433-857e-6fdd1d9ecb95','Hồng','2023-10-08 19:49:14','2023-10-08 19:49:14'),('cf86c85d-561b-40e9-8865-c2ff01b5fe94','Nâu','2023-10-09 09:34:10','2023-10-09 09:34:10');
/*!40000 ALTER TABLE `mausac` ENABLE KEYS */;
UNLOCK TABLES;

--
-- Table structure for table `nhanvien`
--

DROP TABLE IF EXISTS `nhanvien`;
/*!40101 SET @saved_cs_client     = @@character_set_client */;
/*!50503 SET character_set_client = utf8mb4 */;
CREATE TABLE `nhanvien` (
  `VaiTro` varchar(20) DEFAULT NULL,
  `username` varchar(255) NOT NULL,
  `password` varchar(255) DEFAULT NULL,
  `hovaten` varchar(255) DEFAULT NULL,
  `NgaySinh` date DEFAULT NULL,
  `GioiTinh` bit(1) DEFAULT NULL,
  `sodienthoai` varchar(255) DEFAULT NULL,
  `email` varchar(255) DEFAULT NULL,
  `anhdaidien` varchar(255) DEFAULT NULL,
  PRIMARY KEY (`username`),
  KEY `TaiKhoan_VaiTro_idx` (`VaiTro`),
  CONSTRAINT `FK45g6drt18h45qc84cr9w2fj2k` FOREIGN KEY (`VaiTro`) REFERENCES `vaitro` (`Ma`),
  CONSTRAINT `NhanVien_VaiTro` FOREIGN KEY (`VaiTro`) REFERENCES `vaitro` (`Ma`) ON DELETE SET NULL ON UPDATE CASCADE
) ENGINE=InnoDB DEFAULT CHARSET=utf8mb4 COLLATE=utf8mb4_0900_ai_ci;
/*!40101 SET character_set_client = @saved_cs_client */;

--
-- Dumping data for table `nhanvien`
--

LOCK TABLES `nhanvien` WRITE;
/*!40000 ALTER TABLE `nhanvien` DISABLE KEYS */;
INSERT INTO `nhanvien` VALUES ('ADMIN','dhkhanh','wU2a1','Đào Duy Khánh','2024-12-24',_binary '','0987654422','truongndqph35932@fpt.edu.vn',NULL),('ADMIN','hieuchinh','12345','Khuất Văn Duy','2003-12-28',_binary '','0971373306','truongndqph35932@fpt.edu.vn',NULL),('STAFF','kkting','F0Juo','Vu Van Trong','2024-12-03',_binary '','0362815302','vvtrong2303@gmail.com',NULL),('STAFF','nktanh','3pyOb','Nguyễn Khả Trọng Anh','2024-12-10',_binary '','0987653211','truongndqph35932@fpt.edu.vn',NULL);
/*!40000 ALTER TABLE `nhanvien` ENABLE KEYS */;
UNLOCK TABLES;

--
-- Table structure for table `nhanxet`
--

DROP TABLE IF EXISTS `nhanxet`;
/*!40101 SET @saved_cs_client     = @@character_set_client */;
/*!50503 SET character_set_client = utf8mb4 */;
CREATE TABLE `nhanxet` (
  `id` varchar(255) NOT NULL,
  `rating` float DEFAULT NULL,
  `tieude` varchar(255) DEFAULT NULL,
  `noidung` varchar(255) DEFAULT NULL,
  `thoigian` datetime(6) DEFAULT NULL,
  `chiTietDonHang` varchar(50) DEFAULT NULL,
  `pheDuyet` bit(1) DEFAULT NULL,
  `daChinhSua` bit(1) DEFAULT NULL,
  PRIMARY KEY (`id`),
  KEY `NHANXET_CTDH_idx` (`chiTietDonHang`),
  CONSTRAINT `NHANXET_CTDH` FOREIGN KEY (`chiTietDonHang`) REFERENCES `chitietdonhang` (`id`)
) ENGINE=InnoDB DEFAULT CHARSET=utf8mb4 COLLATE=utf8mb4_0900_ai_ci;
/*!40101 SET character_set_client = @saved_cs_client */;

--
-- Dumping data for table `nhanxet`
--

LOCK TABLES `nhanxet` WRITE;
/*!40000 ALTER TABLE `nhanxet` DISABLE KEYS */;
INSERT INTO `nhanxet` VALUES ('04a5cf65-b47c-4ab1-9b90-bb0729dca90b',4,'HANG DEP','HANG DEP','2023-12-19 11:47:11.085000','09e3682b-0f6c-4a9d-9bde-b9af04a77944',_binary '\0',_binary '\0'),('090866f4-5d2c-4f80-9d57-f6fcc4e68476',5,'Quá tuyệt','Quá tuyệt ??','2023-11-15 10:31:22.432000','0d803379-50bb-4e4a-9e55-d058f19a447d',_binary '',_binary '\0'),('1eed9227-33a7-4401-b15e-e5d55aca270a',2,'Sản phẩm tồi','Sản phẩm có độ hoàn thiện kém ?','2023-10-14 20:48:25.437000','102f6657-a574-42c3-a5a8-e800653b5a7a',_binary '',_binary '\0'),('2c8ff2e8-d894-41a9-aedd-590c15e4c081',2,'Sản phẩm ổn','Tiền nào của đấy','2023-11-10 20:48:25.437000','154cadcc-c497-4b6c-a486-08412919b892',_binary '',_binary '\0'),('38ca52ab-223f-44e2-9ddd-874cbe68be9e',5,'asdf','Dep lam','2023-12-18 16:49:39.895000','1e103e8e-532b-4bd5-8b42-2ce8a4d5a8ec',_binary '\0',_binary ''),('4f112dcf-8446-4854-9ffb-00e2745d9d7b',5,'ấddassadfsa','áddsadsadas','2024-07-30 17:39:36.370000','8eed96fa-306d-4dc0-97b0-0f0baddb4b98',_binary '\0',_binary '\0'),('52152571-3477-43a1-8752-162f90999455',3,'ádasd','ádasdsa','2023-11-16 19:15:55.013000','16497f87-bd42-44cf-8a3f-0ec7acd59946',_binary '',_binary '\0'),('55892912-6e32-4cab-82e5-425a4bf2bf64',4,'ww','111','2023-11-16 19:18:25.978000','1ba7e679-8aa5-4099-abd4-500deb1373f3',_binary '',_binary '\0'),('5bd97518-7dcb-4720-bfd9-34d49bc007b6',4,'Tuyệty QUá','Tuyệt quá ? ? ☺️ ? ? ? ?','2023-12-15 16:02:07.659000','99201549-60b8-4898-bf5a-04e76f91f0bf',_binary '',_binary ''),('5d1b5f56-487e-4c29-8563-be5fc94f1d0f',5,'111','1111jjj','2023-12-09 15:48:12.880000','bcab99b2-0799-4f87-9bdc-975e314f59f4',_binary '\0',_binary ''),('65de31dd-4562-4249-b6fd-44bf9245fdad',5,'Quá','Không có từ gì để miêu tả sự tuyệt vời này ?????',NULL,'33a70598-cf30-4755-8127-76c26c043068',_binary '\0',_binary ''),('6a4e6b32-24a8-4023-8f88-d17071f83046',5,'Sản phẩm tốt','Sản phẩm phù hợp với giá tiền. Đi 10 năm chắc không hỏng','2023-11-11 20:48:25.437000','350c491f-5fc6-46b1-99ec-12f561be1a91',_binary '',_binary '\0'),('707de810-7406-4866-97e4-269db6f31443',5,'Sản phẩm tốt','Tốt quá ???','2023-11-16 15:45:12.842000','50207d9c-ba70-4030-a74f-9d83a389302d',_binary '\0',_binary '\0'),('708026ec-54ba-4e06-acfa-d4a98e057e34',4,'aaaa','aaaa','2023-11-28 09:59:34.017000','dd994819-197d-44ec-8eef-9b1a3aa2af15',_binary '\0',_binary '\0'),('762743e1-f1fc-463a-a9d6-7997e3b94c08',4,'tuyệt','tuyệt','2023-12-11 13:07:05.480000','79efb343-494b-4c7f-8e6d-1f287621cb0b',_binary '\0',_binary '\0'),('77e38877-e812-4f3c-ad2c-e0aecc5550b7',5,'111','111','2023-12-07 16:15:24.761000','1214705e-def7-40cf-98aa-5bffd3e594b4',_binary '\0',_binary ''),('7eb7e4ca-1bda-4c54-ab2c-bdd31e34cba8',5,'Sản phẩm quá chất lượng','Lần thứ 2 mua mà sản phẩm đã được cải thiện khá nhiều. quá chất lượng ?','2023-11-14 20:48:25.437000','57b69182-9fe4-4a44-92b0-3b3af5e406f8',_binary '',_binary '\0'),('85344b40-25ca-40c3-ba48-b556c9ac3b2e',2,'11','111','2023-11-19 15:33:59.257000','6d18a2ff-ad6f-47c9-a252-f8f11e2c3e47',_binary '',_binary '\0'),('904e04ba-b19d-4faf-abcb-a0909e67cee4',4,'sss','ssssss','2023-12-18 15:11:12.035000','4378dada-cfb6-404f-a509-607160ef7f70',_binary '\0',_binary '\0'),('93338a5d-2121-44d2-91e2-c5a72bf0a61a',3,'Sản phẩm tạm được','Vì giá rẻ nên cũng không kỳ vọng nhiều','2023-11-06 20:48:25.437000','5ec55036-e4c6-4be1-b2fc-4dfc2fa66447',_binary '',_binary '\0'),('97fbe0fb-67c2-474e-8443-1217fbf63656',5,'Thich qua','Thc=ich qua qua','2023-12-16 16:03:15.428000','c005fa59-607c-42ff-a776-fa578a29c3f6',_binary '\0',_binary ''),('ac422f53-115d-4a16-b917-b7f98f6a1dfa',5,NULL,NULL,'2024-04-30 16:49:09.992000','8435f8fb-0b49-4982-afaa-e41432e9a3dd',_binary '\0',_binary '\0'),('ad248605-5529-4129-8a6a-85f3edd972c0',4,'Sản phẩm tốt','Cảm giác đi ko được êm cho mấy','2023-10-20 20:48:25.437000','62473def-92b1-47a5-9461-7eee9ca314f4',_binary '',_binary '\0'),('bc4d996f-74ae-49d4-b84d-dea6f96a8d48',5,'Tạm ổn','',NULL,'6bb7cde2-afad-4efe-a068-045636799d3f',_binary '\0',_binary ''),('c2429c6a-11fc-46d7-a5df-7de13fb357d0',5,'Sản phẩm ổn','Mua lần thứ 2 giày đẹp quá trời','2023-11-14 20:48:25.437000','7e5aef49-3315-42b5-98ef-6d011cecf071',_binary '',_binary '\0'),('e9599d3d-1263-4240-9630-a0f6e35f1a49',5,'Sản phẩm tốt','Đi rất êm chấn và đẹp','2023-11-14 20:48:25.437000','811f2216-d7a2-4681-83f8-427b48fe59e7',_binary '',_binary '\0'),('f20fa7dd-3305-4c54-9bd9-1efcc1629ff9',5,'qq','qq','2023-11-28 10:35:15.737000','8c12e30d-d47f-40dd-8808-58257384528a',_binary '\0',_binary ''),('f68fa666-41ee-4b6e-b13a-4894835a189e',4,'Dep','Rat dep','2023-12-18 17:30:32.245000','e3ed797f-104d-432f-93d5-ae9f31ac6dde',_binary '\0',_binary '\0');
/*!40000 ALTER TABLE `nhanxet` ENABLE KEYS */;
UNLOCK TABLES;

--
-- Table structure for table `sanpham`
--

DROP TABLE IF EXISTS `sanpham`;
/*!40101 SET @saved_cs_client     = @@character_set_client */;
/*!50503 SET character_set_client = utf8mb4 */;
CREATE TABLE `sanpham` (
  `Ma` varchar(50) NOT NULL,
  `MauSac` varchar(36) DEFAULT NULL,
  `DongSP` varchar(36) DEFAULT NULL,
  `KieuDang` varchar(36) DEFAULT NULL,
  `ChatLieu` varchar(36) DEFAULT NULL,
  `XuatXu` varchar(36) DEFAULT NULL,
  `ten` varchar(255) DEFAULT NULL,
  `gianhap` decimal(38,2) DEFAULT NULL,
  `giaban` decimal(38,2) DEFAULT NULL,
  `mota` varchar(255) DEFAULT NULL,
  `ngaytao` datetime(6) DEFAULT NULL,
  `ngaycapnhat` datetime(6) DEFAULT NULL,
  `HienThi` bit(1) DEFAULT NULL,
  `TrangThai` bit(1) DEFAULT NULL,
  PRIMARY KEY (`Ma`),
  KEY `SanPham_MauSac_idx` (`MauSac`),
  KEY `SanPham_ChatLieu` (`ChatLieu`),
  KEY `SanPham_DongSP` (`DongSP`),
  KEY `SanPham_KieuDang` (`KieuDang`),
  KEY `XuatXu_SP` (`XuatXu`),
  CONSTRAINT `FK9q3jk0g1tweclvobbe3scku93` FOREIGN KEY (`ChatLieu`) REFERENCES `chatlieu` (`id`) ON DELETE SET NULL,
  CONSTRAINT `FKh931tv4r24r9c5u7x5uhetoka` FOREIGN KEY (`KieuDang`) REFERENCES `kieudang` (`id`) ON DELETE SET NULL,
  CONSTRAINT `FKhi7eqmwh89442ymk9slsf2kqk` FOREIGN KEY (`MauSac`) REFERENCES `mausac` (`Ma`) ON DELETE SET NULL,
  CONSTRAINT `FKrw9eho1e1sbgpa5u3pb148hxg` FOREIGN KEY (`DongSP`) REFERENCES `dongsanpham` (`id`) ON DELETE SET NULL,
  CONSTRAINT `SanPham_ChatLieu` FOREIGN KEY (`ChatLieu`) REFERENCES `chatlieu` (`id`) ON DELETE SET NULL ON UPDATE CASCADE,
  CONSTRAINT `SanPham_DongSP` FOREIGN KEY (`DongSP`) REFERENCES `dongsanpham` (`id`) ON DELETE SET NULL ON UPDATE CASCADE,
  CONSTRAINT `SanPham_KieuDang` FOREIGN KEY (`KieuDang`) REFERENCES `kieudang` (`id`) ON DELETE SET NULL ON UPDATE CASCADE,
  CONSTRAINT `SanPham_MauSac` FOREIGN KEY (`MauSac`) REFERENCES `mausac` (`Ma`) ON DELETE SET NULL ON UPDATE CASCADE,
  CONSTRAINT `XuatXu_SP` FOREIGN KEY (`XuatXu`) REFERENCES `xuatxu` (`id`) ON DELETE SET NULL ON UPDATE CASCADE
) ENGINE=InnoDB DEFAULT CHARSET=utf8mb4 COLLATE=utf8mb4_0900_ai_ci;
/*!40101 SET character_set_client = @saved_cs_client */;

--
-- Dumping data for table `sanpham`
--

LOCK TABLES `sanpham` WRITE;
/*!40000 ALTER TABLE `sanpham` DISABLE KEYS */;
INSERT INTO `sanpham` VALUES ('11111','cc32f43f-9017-4433-857e-6fdd1d9ecb95',NULL,'ba6fa368-4f85-11ee-8a18-ee19b027b30c',NULL,'07aca30a-65d5-11ee-b84f-b294d0553b28','nike SB Withe',1000002.00,900000.00,'GIày đẹp\r\n','2024-11-10 10:30:00.000000','2024-11-10 10:30:00.000000',_binary '',_binary ''),('123','cc32f43f-9017-4433-857e-6fdd1d9ecb95','55472717-6bd7-47a8-8a8d-45dd21fdb7de','ba6fa368-4f85-11ee-8a18-ee19b027b30c','8e0af9da-4f85-11ee-8a18-ee19b027b30c','07acb94e-65d5-11ee-b84f-b294d0553b28','Stan smith With',1000000.00,899998.00,'GIày đẹp\r\n','2024-11-10 10:30:00.000000','2024-11-10 10:30:00.000000',_binary '\0',_binary ''),('124','cc32f43f-9017-4433-857e-6fdd1d9ecb95','eb275f9f-5600-4174-81e9-d0ef45e90c7f','ba6fa368-4f85-11ee-8a18-ee19b027b30c','8e0af9da-4f85-11ee-8a18-ee19b027b30c','07acb94e-65d5-11ee-b84f-b294d0553b28','Vans Old School Low Pink',190000.00,180000.00,'GIày đẹp\r\n','2024-11-10 10:30:00.000000','2024-11-10 10:30:00.000000',_binary '',_binary ''),('2222','cc32f43f-9017-4433-857e-6fdd1d9ecb95','3eaa9fca-4f86-11ee-8a18-ee19b027b30c','ba6fa368-4f85-11ee-8a18-ee19b027b30c',NULL,NULL,'Converse all star Hight black',1010000.00,1000000.00,'GIày đẹp\r\n','2024-11-10 10:30:00.000000','2024-11-10 10:30:00.000000',_binary '',_binary ''),('22222','cc32f43f-9017-4433-857e-6fdd1d9ecb95','15284026-c031-49e4-a23e-e9bd52c93048','6d66f1f1-f7c9-4a3c-a5cf-93618827fdb4',NULL,NULL,'Nike Fear Of God Black',50000.00,40000.00,'GIày đẹp\r\n','2024-11-10 10:30:00.000000','2024-11-10 10:30:00.000000',_binary '',_binary ''),('555','cc32f43f-9017-4433-857e-6fdd1d9ecb95','b66487c4-4333-49cd-a483-2b15975bfbbc','ba6fa368-4f85-11ee-8a18-ee19b027b30c',NULL,NULL,'555',2000000.00,2000000.00,'GIày đẹp\r\n','2024-11-10 10:30:00.000000','2024-11-10 10:30:00.000000',_binary '',_binary '\0'),('8','cc32f43f-9017-4433-857e-6fdd1d9ecb95','b66487c4-4333-49cd-a483-2b15975bfbbc','6d66f1f1-f7c9-4a3c-a5cf-93618827fdb4',NULL,NULL,'Phước',2000000.00,2000000.00,'GIày đẹp\r\n','2024-11-10 10:30:00.000000','2024-11-10 10:30:00.000000',_binary '\0',_binary '\0'),('8888','cc32f43f-9017-4433-857e-6fdd1d9ecb95','b66487c4-4333-49cd-a483-2b15975bfbbc','ba6fa368-4f85-11ee-8a18-ee19b027b30c',NULL,NULL,'8888',900000.00,900000.00,'GIày đẹp\r\n','2024-11-10 10:30:00.000000','2024-11-10 10:30:00.000000',_binary '',_binary '\0'),('88888','cc32f43f-9017-4433-857e-6fdd1d9ecb95','b66487c4-4333-49cd-a483-2b15975bfbbc','ba6fa368-4f85-11ee-8a18-ee19b027b30c',NULL,NULL,'88888',900000.00,900000.00,'GIày đẹp\r\n','2024-11-10 10:30:00.000000','2024-11-10 10:30:00.000000',_binary '',_binary '\0'),('ADIASYEEZYRED','cc32f43f-9017-4433-857e-6fdd1d9ecb95','7c11f0dd-c486-49a0-b408-cc50f17ed64a','6d66f1f1-f7c9-4a3c-a5cf-93618827fdb4',NULL,NULL,'Adidas Yeezy Red',4500000.00,4500000.00,'GIày đẹp\r\n','2024-11-10 10:30:00.000000','2024-11-10 10:30:00.000000',_binary '',_binary ''),('ADIDAS2PINK','cc32f43f-9017-4433-857e-6fdd1d9ecb95','b66487c4-4333-49cd-a483-2b15975bfbbc','6d66f1f1-f7c9-4a3c-a5cf-93618827fdb4',NULL,'07ac5b84-65d5-11ee-b84f-b294d0553b28','Adidas 2 Pink',400000.00,400000.00,'GIày đẹp\r\n','2024-11-10 10:30:00.000000','2024-11-10 10:30:00.000000',_binary '',_binary ''),('ADIDASSAMBA1','cc32f43f-9017-4433-857e-6fdd1d9ecb95','55472717-6bd7-47a8-8a8d-45dd21fdb7de','6d66f1f1-f7c9-4a3c-a5cf-93618827fdb4',NULL,NULL,'Adidas Samba Black ',4500000.00,4500000.00,'GIày đẹp\r\n','2024-11-10 10:30:00.000000','2024-11-10 10:30:00.000000',_binary '',_binary ''),('ADIDASSTANSMITBLACK','cc32f43f-9017-4433-857e-6fdd1d9ecb95','55472717-6bd7-47a8-8a8d-45dd21fdb7de','6d66f1f1-f7c9-4a3c-a5cf-93618827fdb4',NULL,NULL,'Adidas Stan Smit Black',2000000.00,2000000.00,'GIày đẹp\r\n','2024-11-10 10:30:00.000000','2024-11-10 10:30:00.000000',_binary '',_binary ''),('CONVERALLSTARRED','cc32f43f-9017-4433-857e-6fdd1d9ecb95','3eaa9fca-4f86-11ee-8a18-ee19b027b30c','6d66f1f1-f7c9-4a3c-a5cf-93618827fdb4',NULL,'07aca30a-65d5-11ee-b84f-b294d0553b28','Converse all star low black',900000.00,499999.00,'GIày đẹp\r\n','2024-11-10 10:30:00.000000','2024-11-10 10:30:00.000000',_binary '\0',_binary ''),('CONVERSE','cc32f43f-9017-4433-857e-6fdd1d9ecb95','55472717-6bd7-47a8-8a8d-45dd21fdb7de','6d66f1f1-f7c9-4a3c-a5cf-93618827fdb4',NULL,NULL,'converse',2000000.00,1990000.00,'GIày đẹp\r\n','2024-11-10 10:30:00.000000','2024-11-10 10:30:00.000000',_binary '',_binary ''),('CVAST','cc32f43f-9017-4433-857e-6fdd1d9ecb95','3eaa9fca-4f86-11ee-8a18-ee19b027b30c','6d66f1f1-f7c9-4a3c-a5cf-93618827fdb4',NULL,NULL,'Converse all star low black',700000.00,690000.00,'GIày đẹp\r\n','2024-11-10 10:30:00.000000','2024-11-10 10:30:00.000000',_binary '',_binary ''),('GV6','cc32f43f-9017-4433-857e-6fdd1d9ecb95','6fb42780-674c-47e3-9d2a-0416fa9df406','6d66f1f1-f7c9-4a3c-a5cf-93618827fdb4',NULL,NULL,'Puma 1 Black Red',600000.00,590000.00,'GIày đẹp\r\n','2024-11-10 10:30:00.000000','2024-11-10 10:30:00.000000',_binary '',_binary ''),('HAHAHA','cc32f43f-9017-4433-857e-6fdd1d9ecb95','7c11f0dd-c486-49a0-b408-cc50f17ed64a','ba6fa368-4f85-11ee-8a18-ee19b027b30c',NULL,NULL,'Yeezy 1 Green',100000.00,90000.00,'GIày đẹp\r\n','2024-11-10 10:30:00.000000','2024-11-10 10:30:00.000000',_binary '',_binary '\0'),('HGDFDVV','cc32f43f-9017-4433-857e-6fdd1d9ecb95','6fb42780-674c-47e3-9d2a-0416fa9df406','ef631792-18f9-4172-a6f6-3905127385f4','8e0af9da-4f85-11ee-8a18-ee19b027b30c','07acb94e-65d5-11ee-b84f-b294d0553b28','Giayf bả vệ',1000000.00,1000000.00,'GIày đẹp\r\n','2024-11-10 10:30:00.000000','2024-11-10 10:30:00.000000',_binary '',_binary '\0'),('JORDAN1','bff4d751-11ad-4d15-8cb9-0d82fff434ea','9f7fbd5b-eced-4d4a-bb79-4caca60aacaf','ba6fa368-4f85-11ee-8a18-ee19b027b30c',NULL,NULL,'Nike JorDan 1 Withe Pink',1000000.00,1000000.00,'GIày đẹp\r\n','2024-11-10 10:30:00.000000','2024-11-10 10:30:00.000000',_binary '',_binary ''),('JORDAN4BLACK','bff4d751-11ad-4d15-8cb9-0d82fff434ea','9f7fbd5b-eced-4d4a-bb79-4caca60aacaf','ba6fa368-4f85-11ee-8a18-ee19b027b30c',NULL,NULL,'Jordan 4 black',4500000.00,4490000.00,'GIày đẹp\r\n','2024-11-10 10:30:00.000000','2024-11-10 10:30:00.000000',_binary '',_binary ''),('JORDANREDWHITE','bff4d751-11ad-4d15-8cb9-0d82fff434ea','9f7fbd5b-eced-4d4a-bb79-4caca60aacaf','ba6fa368-4f85-11ee-8a18-ee19b027b30c',NULL,NULL,'Jordan 1 red white',2000000.00,1990000.00,'GIày đẹp\r\n','2024-11-10 10:30:00.000000','2024-11-10 10:30:00.000000',_binary '\0',_binary ''),('NIKE1BLACK','bff4d751-11ad-4d15-8cb9-0d82fff434ea','d35ea38c-8c1f-4fc6-bed9-4af691437828','ba6fa368-4f85-11ee-8a18-ee19b027b30c',NULL,NULL,'Nike 1 Black',1000000.00,1000000.00,'GIày đẹp\r\n','2024-11-10 10:30:00.000000','2024-11-10 10:30:00.000000',_binary '\0',_binary ''),('NIKE3','bff4d751-11ad-4d15-8cb9-0d82fff434ea','9f7fbd5b-eced-4d4a-bb79-4caca60aacaf','ba6fa368-4f85-11ee-8a18-ee19b027b30c',NULL,'07ac5b84-65d5-11ee-b84f-b294d0553b28','NIKE Jordan 1 black anh red hight',4500000.00,4480000.00,'GIày đẹp\r\n','2024-11-10 10:30:00.000000','2024-11-10 10:30:00.000000',_binary '',_binary ''),('NIKE4','bff4d751-11ad-4d15-8cb9-0d82fff434ea','9f7fbd5b-eced-4d4a-bb79-4caca60aacaf','ba6fa368-4f85-11ee-8a18-ee19b027b30c',NULL,'07acb94e-65d5-11ee-b84f-b294d0553b28','NIKE Jordan 1 blue hight',4500000.00,4500000.00,'GIày đẹp\r\n','2024-11-10 10:30:00.000000','2024-11-10 10:30:00.000000',_binary '',_binary '\0'),('NIKEAIR','bff4d751-11ad-4d15-8cb9-0d82fff434ea','55472717-6bd7-47a8-8a8d-45dd21fdb7de','ba6fa368-4f85-11ee-8a18-ee19b027b30c',NULL,NULL,'nike ari 2023',600000.00,199999.00,'GIày đẹp\r\n','2024-11-10 10:30:00.000000','2024-11-10 10:30:00.000000',_binary '',_binary ''),('NIKEFOG1','bff4d751-11ad-4d15-8cb9-0d82fff434ea','15284026-c031-49e4-a23e-e9bd52c93048','ba6fa368-4f85-11ee-8a18-ee19b027b30c','380fe62b-8ec3-429f-9966-20054e41e6d6','07ac5b84-65d5-11ee-b84f-b294d0553b28','Nike Fear Of God Withe',4500000.00,4500000.00,'GIày đẹp\r\n','2024-11-10 10:30:00.000000','2024-11-10 10:30:00.000000',_binary '',_binary ''),('PHUOC2003','bff4d751-11ad-4d15-8cb9-0d82fff434ea','55472717-6bd7-47a8-8a8d-45dd21fdb7de','ba6fa368-4f85-11ee-8a18-ee19b027b30c',NULL,NULL,'Nguyeexn Ba Phuocws',2000000.00,1599999.00,'GIày đẹp\r\n','2024-11-10 10:30:00.000000','2024-11-10 10:30:00.000000',_binary '',_binary ''),('SOOO2024','260b2cb1-aad6-41c0-a76d-8cb98517da3c','afb08a82-ce6e-4980-aa22-2acd9237e851','6d66f1f1-f7c9-4a3c-a5cf-93618827fdb4','380fe62b-8ec3-429f-9966-20054e41e6d6','07ac5b84-65d5-11ee-b84f-b294d0553b28','Giày trắng cổ thấp ',500000.00,500000.00,'Hàng mới về','2024-11-10 10:30:00.000000','2024-11-10 10:30:00.000000',_binary '\0',_binary ''),('SP0011','260b2cb1-aad6-41c0-a76d-8cb98517da3c','1515fb6a-ab38-49f2-a30f-9b6b6183efb6','6d66f1f1-f7c9-4a3c-a5cf-93618827fdb4','380fe62b-8ec3-429f-9966-20054e41e6d6','07ac5b84-65d5-11ee-b84f-b294d0553b28','Giày Trắng',500000.00,500000.00,'GIày đẹp\r\n','2024-11-10 10:30:00.000000','2024-11-10 10:30:00.000000',_binary '',_binary ''),('SP2023','260b2cb1-aad6-41c0-a76d-8cb98517da3c','f4c8468d-1d39-4928-a7f3-816230f64198','6d66f1f1-f7c9-4a3c-a5cf-93618827fdb4','380fe62b-8ec3-429f-9966-20054e41e6d6','07ac5b84-65d5-11ee-b84f-b294d0553b28','Nike 2023',3000000.00,3000000.00,'GIày đẹp\r\n','2024-11-10 10:30:00.000000','2024-11-10 10:30:00.000000',_binary '\0',_binary ''),('SP2025','590e22d8-83f5-432a-a257-16f2a87033a2','1515fb6a-ab38-49f2-a30f-9b6b6183efb6','6d66f1f1-f7c9-4a3c-a5cf-93618827fdb4','380fe62b-8ec3-429f-9966-20054e41e6d6','07ac5b84-65d5-11ee-b84f-b294d0553b28','Giày Trắng Đẹp Zai',1000000.00,1000000.00,'GIày đẹp\r\n','2024-11-16 20:13:36.674000','2024-11-16 20:13:36.726000',_binary '\0',_binary ''),('SPDA2003','260b2cb1-aad6-41c0-a76d-8cb98517da3c','55472717-6bd7-47a8-8a8d-45dd21fdb7de','6d66f1f1-f7c9-4a3c-a5cf-93618827fdb4','380fe62b-8ec3-429f-9966-20054e41e6d6','07ac5b84-65d5-11ee-b84f-b294d0553b28','Giày Trắng Đẹp',500000.00,500000.00,'GIày đẹp\r\n','2024-11-10 10:30:00.000000','2024-11-10 10:30:00.000000',_binary '',_binary ''),('SPHOCLAI','260b2cb1-aad6-41c0-a76d-8cb98517da3c','1515fb6a-ab38-49f2-a30f-9b6b6183efb6','ba6fa368-4f85-11ee-8a18-ee19b027b30c','380fe62b-8ec3-429f-9966-20054e41e6d6','07ac5b84-65d5-11ee-b84f-b294d0553b28','Giày CMC ',2000000.00,2000000.00,'GIày đẹp\r\n','2024-11-10 10:30:00.000000','2024-11-10 10:30:00.000000',_binary '',_binary ''),('TESSS','aae35c82-b64a-4ea3-8381-7db6cbad3749','55472717-6bd7-47a8-8a8d-45dd21fdb7de','ba6fa368-4f85-11ee-8a18-ee19b027b30c',NULL,NULL,'Phước',1000000.00,1000000.00,'','2024-11-10 10:30:00.000000','2024-11-10 10:30:00.000000',_binary '',_binary '\0'),('VANSCLASSICBLACK','92579d2c-7352-4c94-95e1-fb91b6b5e198','b521b332-fdd7-447d-ba78-e506c18991fe','ba6fa368-4f85-11ee-8a18-ee19b027b30c',NULL,NULL,'Vans Classic Black',1000000.00,1000000.00,'','2024-11-10 10:30:00.000000','2024-11-10 10:30:00.000000',_binary '',_binary ''),('VANSOLDSCHOOLBLACK','bff4d751-11ad-4d15-8cb9-0d82fff434ea','eb275f9f-5600-4174-81e9-d0ef45e90c7f','ba6fa368-4f85-11ee-8a18-ee19b027b30c',NULL,'3bbb09ab-007d-4014-a125-eff3bf913402','Vans Old School Black',900000.00,900000.00,'','2024-11-10 10:30:00.000000','2024-11-10 10:30:00.000000',_binary '',_binary ''),('ZZZZZZZ','bff4d751-11ad-4d15-8cb9-0d82fff434ea','15284026-c031-49e4-a23e-e9bd52c93048','ba6fa368-4f85-11ee-8a18-ee19b027b30c',NULL,NULL,'Phước',900000.00,900000.00,'','2024-11-10 10:30:00.000000','2024-11-10 10:30:00.000000',_binary '',_binary '\0');
/*!40000 ALTER TABLE `sanpham` ENABLE KEYS */;
UNLOCK TABLES;

--
-- Table structure for table `size`
--

DROP TABLE IF EXISTS `size`;
/*!40101 SET @saved_cs_client     = @@character_set_client */;
/*!50503 SET character_set_client = utf8mb4 */;
CREATE TABLE `size` (
  `Ma` float NOT NULL,
  `ChieuDai` float DEFAULT NULL,
  `NgayTao` datetime DEFAULT NULL,
  `NgayCapNhat` datetime DEFAULT CURRENT_TIMESTAMP,
  PRIMARY KEY (`Ma`)
) ENGINE=InnoDB DEFAULT CHARSET=utf8mb4 COLLATE=utf8mb4_0900_ai_ci;
/*!40101 SET character_set_client = @saved_cs_client */;

--
-- Dumping data for table `size`
--

LOCK TABLES `size` WRITE;
/*!40000 ALTER TABLE `size` DISABLE KEYS */;
INSERT INTO `size` VALUES (39,23.5,'2023-09-11 20:09:53','2023-12-14 20:02:07'),(39.5,24,'2023-09-11 20:09:53','2023-09-11 20:09:53'),(40.5,25,'2023-09-11 20:09:53','2023-09-11 20:09:53'),(41,25.5,'2023-09-11 20:09:53','2023-09-11 20:09:53'),(41.5,26,'2023-09-11 20:09:53','2023-09-11 20:09:53'),(42,26.5,'2023-09-11 20:09:53','2023-09-11 20:09:53'),(42.5,27,'2023-09-11 20:09:53','2023-09-11 20:09:53'),(43,27.5,'2023-09-11 20:09:53','2023-09-11 20:09:53'),(43.5,28,'2023-09-11 20:09:53','2023-09-11 20:09:53'),(44.5,29,'2023-09-11 20:09:53','2023-09-11 20:09:53'),(45,29.5,'2023-09-11 20:09:53','2023-09-11 20:09:53');
/*!40000 ALTER TABLE `size` ENABLE KEYS */;
UNLOCK TABLES;

--
-- Table structure for table `thongbao`
--

DROP TABLE IF EXISTS `thongbao`;
/*!40101 SET @saved_cs_client     = @@character_set_client */;
/*!50503 SET character_set_client = utf8mb4 */;
CREATE TABLE `thongbao` (
  `id` varchar(36) NOT NULL DEFAULT (uuid()),
  `NhanVien` varchar(20) DEFAULT NULL,
  `loaithongbao` varchar(255) DEFAULT NULL,
  `noidung` varchar(255) DEFAULT NULL,
  `thoigian` datetime(6) DEFAULT NULL,
  `url` varchar(255) DEFAULT NULL,
  PRIMARY KEY (`id`),
  KEY `ThongBao_NhanVien_idx` (`NhanVien`),
  CONSTRAINT `ThongBao_NhanVien` FOREIGN KEY (`NhanVien`) REFERENCES `nhanvien` (`username`) ON DELETE CASCADE ON UPDATE CASCADE
) ENGINE=InnoDB DEFAULT CHARSET=utf8mb4 COLLATE=utf8mb4_0900_ai_ci;
/*!40101 SET character_set_client = @saved_cs_client */;

--
-- Dumping data for table `thongbao`
--

LOCK TABLES `thongbao` WRITE;
/*!40000 ALTER TABLE `thongbao` DISABLE KEYS */;
INSERT INTO `thongbao` VALUES ('0159d590-ef9a-42e7-a4f9-418947637e9e',NULL,'Add','Thêm mới sản phẩm: GV63 - Phướcádasd','2023-09-17 09:03:51.889000',NULL),('0523b819-0c77-4b47-b34b-9b4dd6d573a0',NULL,'Upadte','Cập nhật mới sản phẩm: 12sadasd - Phước','2023-09-12 12:00:15.000000',NULL),('088b643b-ff65-40c0-a61d-69e76a45b1fe',NULL,'Add','Thêm mới sản phẩm: 123 - 123','2023-09-14 10:47:14.000000',NULL),('171be8cb-ec40-4fce-8d17-813959725809',NULL,'Delete','Xóa sản phẩm: Phuoc2 - 3','2023-09-11 17:03:28.000000',NULL),('1e4f240b-c46c-4f04-95a4-c8116fea573e',NULL,'Upadte','Cập nhật mới sản phẩm: 2 - 2','2023-09-11 10:31:34.000000',NULL),('1f0b369b-b24e-496d-bc11-7bd4a80b45c8',NULL,'Upadte','Cập nhật mới sản phẩm: 1 - 1111','2023-09-22 15:45:55.925000',NULL),('20ef2876-9fc9-4be1-8f78-ab5ff9310cbc',NULL,'Delete','Xóa sản phẩm: 2 - 2','2023-09-11 16:49:37.000000',NULL),('23a63a1f-188c-472d-871d-4e48ff0f6f0d',NULL,'Upadte','Cập nhật mới sản phẩm: qweqw - qqqq','2023-09-12 11:52:59.000000',NULL),('2504099a-50b2-4328-8834-4a046e1e5037',NULL,'Upadte','Cập nhật mới sản phẩm: 452fa74a-f95c-486f-a2c8-2a44b2d7419f - Phước','2023-09-11 16:43:15.000000',NULL),('278ce76b-c210-44cc-b90d-40915bb26f6f',NULL,'Add','Thêm mới sản phẩm: 452fa74a-f95c-486f-a2c8-2a44b2d7419f - Phước','2023-09-11 16:30:11.000000',NULL),('2c882a67-463a-4b60-9b49-c9af8caf2138',NULL,'Upadte','Cập nhật mới sản phẩm: 21s - qưeqwe','2023-09-10 20:22:13.000000',NULL),('2d2a9cc7-ab89-4215-ba98-5fd581e457de',NULL,'Add','Thêm mới sản phẩm: 452fa74a-f95c-486f-a2c8-2a44b2d7419f - Phướcádasd','2023-09-10 20:20:11.000000',NULL),('35201a4e-bcd0-411e-9f9e-97978d8ec1b9',NULL,'Add','Thêm mới sản phẩm: wef - wef','2023-09-17 08:42:48.000000',NULL),('3e621eb5-4048-4d8c-bcba-341eedb8db08',NULL,'Add','Thêm mới sản phẩm: 452fa74a-f95c-486f-a2c8-2a44b2d7419f - 2','2023-09-11 09:49:27.000000',NULL),('429758c3-b65b-4625-8260-bb49749bbca7',NULL,'Add','Thêm mới sản phẩm: 1 - 1','2023-09-15 16:39:51.000000',NULL),('437d49f8-50b1-4f1a-a0e2-6df60d88383a',NULL,'Upadte','Cập nhật mới sản phẩm: 2 - 2','2023-09-11 11:07:45.000000',NULL),('43b75804-daa4-447a-8bec-bd4854a703b5',NULL,'Upadte','Cập nhật mới sản phẩm: 21s - qưeqwe','2023-09-10 20:21:01.000000',NULL),('44a7369a-b21b-4570-b552-b03298b109b0',NULL,'Upadte','Cập nhật mới sản phẩm: 21s - qưeqwe','2023-09-11 16:15:51.000000',NULL),('497090aa-971e-4243-8df3-9810a1f213d6',NULL,'Add','Thêm mới sản phẩm: 452fa74a-f95c-486f-a2c8-2a44b2d7419f - Phước','2023-09-11 16:31:38.000000',NULL),('5143ab92-7bf2-44e7-a41a-db0058b2acfe',NULL,'Delete','Xóa sản phẩm: 452fa74a-f95c-486f-a2c8-2a44b2d7419f - Phước','2023-09-11 16:50:28.000000',NULL),('57161f98-ad9b-427f-b90b-0c24cf03233f',NULL,'Add','Thêm mới sản phẩm: 2 - 2','2023-09-11 16:48:09.000000',NULL),('5aa23fd6-13d1-4211-8bc5-ba6a7cffc874',NULL,'Add','Thêm mới sản phẩm: GV6 - Phước','2023-09-11 09:48:22.000000',NULL),('5e9a34e5-20fe-4f73-8bf0-0c887d4fd88e',NULL,'Add','Thêm mới sản phẩm: qweqw - qqqq','2023-09-12 11:52:29.000000',NULL),('5efc0315-adbc-4b5e-bfd3-e2664c0e5837',NULL,'Add','Thêm mới sản phẩm: 2 - 2','2023-09-11 10:04:03.000000',NULL),('60a24f52-1b29-46cb-9a04-1a255a3d9b89',NULL,'Upadte','Cập nhật mới sản phẩm: 1 - 1','2023-09-18 09:37:37.622000',NULL),('633f247d-7a97-4e04-8591-f8d137bcb86f',NULL,'Upadte','Cập nhật mới sản phẩm: Phuoc2003 - Phướcádasd','2023-09-10 20:29:40.000000',NULL),('63d10209-2070-4e78-917d-a65826c5c904',NULL,'Upadte','Cập nhật mới sản phẩm: 123 - 123','2023-09-14 10:59:39.000000',NULL),('67634815-d740-42e1-83eb-80fbfc1289bf',NULL,'Add','Thêm mới sản phẩm: 3 - 3','2023-09-11 17:06:39.000000',NULL),('6a65fa1d-8dd4-4960-aec2-a7a7ff04c222',NULL,'Upadte','Cập nhật mới sản phẩm: 12sadasd - Phước','2023-09-12 11:55:31.000000',NULL),('6ca6a287-413e-49fe-92e4-c9e1b25066dc',NULL,'Upadte','Cập nhật mới sản phẩm: 2 - 2222222','2023-09-10 20:21:50.000000',NULL),('7a9a715e-f0b2-439a-bcfe-b0cdc15c3f7b',NULL,'Add','Thêm mới sản phẩm: 3 - 3','2023-09-11 16:59:21.000000',NULL),('7bbc4d6d-b37b-4ad2-a64b-6861b80d0a1d',NULL,'Add','Thêm mới sản phẩm: 452fa74a-f95c-486f-a2c8-2a44b2d7419f - Phướcádasd','2023-09-10 20:20:45.000000',NULL),('7c49fa6d-bb50-4e08-bbf5-226096e808fd',NULL,'Add','Thêm mới sản phẩm: ewqrfdscv23 - qưedf3242123','2023-09-11 09:41:37.000000',NULL),('7caf40a6-e8f9-4f03-9d88-da953cdb50ce',NULL,'Delete','Xóa sản phẩm: GV6 - Phướcádasd','2023-09-11 16:56:13.000000',NULL),('7d5220b1-b44e-4f75-9038-cbdd2bb828af',NULL,'Delete','Xóa sản phẩm: 1 - 1111','2023-09-23 09:53:13.718000',NULL),('81165ad0-548a-4dbc-bc54-da4768c3f138',NULL,'Delete','Xóa sản phẩm: GV63 - Phướcádasd','2023-09-23 09:53:59.141000',NULL),('84b7ae53-5ebf-4430-b6e7-eb0563a6060b',NULL,'Upadte','Cập nhật mới sản phẩm: 2 - 2','2023-09-11 10:35:17.000000',NULL),('87366cd2-5485-4db1-af11-89d927d92744',NULL,'Add','Thêm mới sản phẩm: 12sadasd - Phước','2023-09-11 09:56:38.000000',NULL),('895256f4-bf2f-4edf-a5d8-4ff2b7718197',NULL,'Delete','Xóa sản phẩm: 1111111 - 111111','2023-09-11 16:53:11.000000',NULL),('89eea2dd-2246-4333-b48c-4dbbbe106d57',NULL,'Delete','Xóa sản phẩm: 3 - 3','2023-09-11 17:06:45.000000',NULL),('8a84f697-4232-4ee3-a38e-3cd04e824fc2',NULL,'Add','Thêm mới sản phẩm: Phuoc2003 - Phướcádasd','2023-09-10 11:34:16.000000',NULL),('8c7ad9a4-75d8-4f2f-8db7-672e0d962ad5',NULL,'Upadte','Cập nhật mới sản phẩm: 2 - 2','2023-09-11 10:58:44.000000',NULL),('8dbd4f34-8a59-48d0-ad76-4bc0c6f37944',NULL,'Upadte','Cập nhật mới sản phẩm: qweqw - qqqq','2023-09-12 11:54:57.000000',NULL),('903876b7-2253-4854-a0db-7c0f9564d642',NULL,'Upadte','Cập nhật mới sản phẩm: Phuoc2003 - Phướcádasd','2023-09-10 20:31:46.000000',NULL),('912c7b2b-da79-45af-9fab-f2259030b3be',NULL,'Add','Thêm mới sản phẩm: Phuoc2 - 3','2023-09-11 17:03:23.000000',NULL),('9a78684d-fd13-4dd7-8d5d-50135ef10f32',NULL,'Delete','Xóa sản phẩm: 3 - 3','2023-09-11 16:59:28.000000',NULL),('9dc13e3b-b16b-4c87-8779-48d660a99f61',NULL,'Upadte','Cập nhật mới sản phẩm: qweqw - qqqq','2023-09-12 11:56:22.000000',NULL),('9e54dc6b-e2ed-422f-abe6-903d7fd13adf',NULL,'Upadte','Cập nhật mới sản phẩm: 123 - 1234','2023-09-15 16:38:43.000000',NULL),('a0a9114b-e6a0-48b9-ba47-f3eb8548a920',NULL,'Add','Thêm mới sản phẩm: wef - wef','2023-09-17 08:45:10.781000',NULL),('a94504d5-5122-4d5b-8b2f-4dbc6de3aa38',NULL,'Add','Thêm mới sản phẩm: Phuoc2003 - Phướcádasd','2023-09-11 16:35:32.000000',NULL),('abe15567-cf13-4f0f-8964-d7b3e60247f2',NULL,'Upadte','Cập nhật mới sản phẩm: 2 - 2','2023-09-11 11:01:19.000000',NULL),('abf8803e-cd0c-4df3-b2f4-8e918297f663',NULL,'Upadte','Cập nhật mới sản phẩm: 452fa74a-f95c-486f-a2c8-2a44b2d7419f - Phước','2023-09-11 16:41:19.000000',NULL),('ad79e322-ce40-408d-94c1-8e1c19478450',NULL,'Upadte','Cập nhật mới sản phẩm: 21s - qưeqwe','2023-09-10 20:23:31.000000',NULL),('b22cef5c-1122-42f1-aed6-f740f691158d',NULL,'Upadte','Cập nhật mới sản phẩm: GV63 - Phướcádasd','2023-09-17 09:26:03.485000',NULL),('be58f65e-2901-4dfe-b8aa-a63c3df57334',NULL,'Upadte','Cập nhật mới sản phẩm: 12sadasd - Phước','2023-09-12 11:59:58.000000',NULL),('c2f5a9fd-8444-4795-9f8a-db2e6139d74c',NULL,'Upadte','Cập nhật mới sản phẩm: wef - wef','2023-09-17 08:45:28.792000',NULL),('c4699374-cf09-4543-a7b9-6fc91d88b7b9',NULL,'Add','Thêm mới sản phẩm: 452fa74a-f95c-486f-a2c8-2a44b2d7419f - Phướcádasd','2023-09-10 20:20:26.000000',NULL),('c50d83a1-866d-4b64-8a28-971fd5cb92fb',NULL,'Upadte','Cập nhật mới sản phẩm: 2 - 2','2023-09-11 11:03:39.000000',NULL),('c8934b89-3381-44cd-97de-96aae19d9ec6',NULL,'Upadte','Cập nhật mới sản phẩm: 1 - 1111','2023-09-22 17:05:32.277000',NULL),('ca0cb38e-8131-4a11-bb45-0b4080170bf2',NULL,'Upadte','Cập nhật mới sản phẩm: 123 - 1234','2023-09-15 16:39:29.000000',NULL),('cc177f97-c416-490e-91ff-76b5ddf1c656',NULL,'Upadte','Cập nhật mới sản phẩm: 2 - 2','2023-09-11 10:23:42.000000',NULL),('ce75009d-d139-4166-aaeb-3ba43d95c4f5',NULL,'Upadte','Cập nhật mới sản phẩm: 21s - qưeqwe','2023-09-10 20:21:11.000000',NULL),('d5ed3250-fd78-41a6-b4e5-b2d74ead8d47',NULL,'Upadte','Cập nhật mới sản phẩm: 452fa74a-f95c-486f-a2c8-2a44b2d7419f - Phước','2023-09-11 16:48:31.000000',NULL),('d9e19e33-918b-4420-90b1-e38f62fa1e7c',NULL,'Add','Thêm mới sản phẩm: Phuoc2003 - Phướcádasd','2023-09-10 11:35:01.000000',NULL),('dcd342c5-2365-40bb-a4b7-50f0808d5bfd',NULL,'Upadte','Cập nhật mới sản phẩm: 123 - 123','2023-09-14 11:07:38.000000',NULL),('dcddb40c-b588-414d-a47b-20cf3babd15e',NULL,'Add','Thêm mới sản phẩm: GV6 - Phướcádasd','2023-09-11 16:52:55.000000',NULL),('e3fca204-8d7c-4e23-be78-3b1d4dea20bb',NULL,'Delete','Xóa sản phẩm: 21s - qưeqwe','2023-09-11 16:24:48.000000',NULL),('e4fe335e-b44f-416a-95e8-2ac743295ddd',NULL,'Upadte','Cập nhật mới sản phẩm: 21s - qưeqwe','2023-09-11 16:19:59.000000',NULL),('e8f51527-1883-41ee-b3e9-b0f4bfca6595',NULL,'Add','Thêm mới sản phẩm: 2 - 2222222','2023-09-10 16:58:46.000000',NULL),('ea7c89d7-a9bf-490d-a440-a2be6ca40ee6',NULL,'Add','Thêm mới sản phẩm: 124 - 1245','2023-09-18 09:30:28.268000',NULL),('ec1d8448-f806-490f-a9bb-d945ec8e667b',NULL,'Upadte','Cập nhật mới sản phẩm: qweqw - qqqq','2023-09-12 11:56:37.000000',NULL),('f3214694-c071-4396-b1e9-7341f911129b',NULL,'Add','Thêm mới sản phẩm: Phuoc2003 - Phướcádasd','2023-09-10 11:33:27.000000',NULL),('f503fcf3-da84-492d-942a-67b76b278758',NULL,'Upadte','Cập nhật mới sản phẩm: 12sadasd - Phước','2023-09-12 11:57:42.000000',NULL),('f6b7bab0-0a34-4ed0-b87e-d9b029e9a88d',NULL,'Upadte','Cập nhật mới sản phẩm: 21s - qưeqwe','2023-09-11 16:19:31.000000',NULL),('f9eb21c3-6591-433b-8d33-2621b57128ca',NULL,'Upadte','Cập nhật mới sản phẩm: 123 - 1234','2023-09-22 19:35:15.195000',NULL),('fbec81a5-5547-45d2-8271-8a35b29c550b',NULL,'Add','Thêm mới sản phẩm: 1111111 - 111111','2023-09-11 16:44:43.000000',NULL);
/*!40000 ALTER TABLE `thongbao` ENABLE KEYS */;
UNLOCK TABLES;

--
-- Table structure for table `thongbaonhan`
--

DROP TABLE IF EXISTS `thongbaonhan`;
/*!40101 SET @saved_cs_client     = @@character_set_client */;
/*!50503 SET character_set_client = utf8mb4 */;
CREATE TABLE `thongbaonhan` (
  `id` bigint NOT NULL AUTO_INCREMENT,
  `ThongBao` varchar(36) DEFAULT NULL,
  `TrangThai` bit(1) DEFAULT NULL,
  `NhanVien` varchar(20) DEFAULT NULL,
  PRIMARY KEY (`id`),
  KEY `ThongBaoNhan_ThongBao` (`ThongBao`),
  KEY `ThongBaoNhan_NhanVien_idx` (`NhanVien`),
  CONSTRAINT `FK4x4ehsj7p04xay6phhl8w1y50` FOREIGN KEY (`ThongBao`) REFERENCES `thongbao` (`id`),
  CONSTRAINT `ThongBaoNhan_NhanVien` FOREIGN KEY (`NhanVien`) REFERENCES `nhanvien` (`username`) ON DELETE CASCADE ON UPDATE CASCADE,
  CONSTRAINT `ThongBaoNhan_ThongBao` FOREIGN KEY (`ThongBao`) REFERENCES `thongbao` (`id`) ON DELETE CASCADE ON UPDATE CASCADE
) ENGINE=InnoDB AUTO_INCREMENT=77 DEFAULT CHARSET=utf8mb4 COLLATE=utf8mb4_0900_ai_ci;
/*!40101 SET character_set_client = @saved_cs_client */;

--
-- Dumping data for table `thongbaonhan`
--

LOCK TABLES `thongbaonhan` WRITE;
/*!40000 ALTER TABLE `thongbaonhan` DISABLE KEYS */;
INSERT INTO `thongbaonhan` VALUES (1,'f3214694-c071-4396-b1e9-7341f911129b',_binary '\0',NULL),(2,'8a84f697-4232-4ee3-a38e-3cd04e824fc2',_binary '\0',NULL),(3,'d9e19e33-918b-4420-90b1-e38f62fa1e7c',_binary '\0',NULL),(4,'e8f51527-1883-41ee-b3e9-b0f4bfca6595',_binary '\0',NULL),(5,'2d2a9cc7-ab89-4215-ba98-5fd581e457de',_binary '\0',NULL),(6,'c4699374-cf09-4543-a7b9-6fc91d88b7b9',_binary '\0',NULL),(7,'7bbc4d6d-b37b-4ad2-a64b-6861b80d0a1d',_binary '\0',NULL),(8,'43b75804-daa4-447a-8bec-bd4854a703b5',_binary '\0',NULL),(9,'ce75009d-d139-4166-aaeb-3ba43d95c4f5',_binary '\0',NULL),(10,'6ca6a287-413e-49fe-92e4-c9e1b25066dc',_binary '\0',NULL),(11,'2c882a67-463a-4b60-9b49-c9af8caf2138',_binary '\0',NULL),(12,'ad79e322-ce40-408d-94c1-8e1c19478450',_binary '\0',NULL),(13,'633f247d-7a97-4e04-8591-f8d137bcb86f',_binary '\0',NULL),(14,'903876b7-2253-4854-a0db-7c0f9564d642',_binary '\0',NULL),(15,'7c49fa6d-bb50-4e08-bbf5-226096e808fd',_binary '\0',NULL),(16,'5aa23fd6-13d1-4211-8bc5-ba6a7cffc874',_binary '\0',NULL),(17,'3e621eb5-4048-4d8c-bcba-341eedb8db08',_binary '\0',NULL),(18,'87366cd2-5485-4db1-af11-89d927d92744',_binary '\0',NULL),(19,'5efc0315-adbc-4b5e-bfd3-e2664c0e5837',_binary '\0',NULL),(20,'cc177f97-c416-490e-91ff-76b5ddf1c656',_binary '\0',NULL),(21,'1e4f240b-c46c-4f04-95a4-c8116fea573e',_binary '\0',NULL),(22,'84b7ae53-5ebf-4430-b6e7-eb0563a6060b',_binary '\0',NULL),(23,'8c7ad9a4-75d8-4f2f-8db7-672e0d962ad5',_binary '\0',NULL),(24,'abe15567-cf13-4f0f-8964-d7b3e60247f2',_binary '\0',NULL),(25,'c50d83a1-866d-4b64-8a28-971fd5cb92fb',_binary '\0',NULL),(26,'437d49f8-50b1-4f1a-a0e2-6df60d88383a',_binary '\0',NULL),(27,'44a7369a-b21b-4570-b552-b03298b109b0',_binary '\0',NULL),(28,'f6b7bab0-0a34-4ed0-b87e-d9b029e9a88d',_binary '\0',NULL),(29,'e4fe335e-b44f-416a-95e8-2ac743295ddd',_binary '\0',NULL),(30,'e3fca204-8d7c-4e23-be78-3b1d4dea20bb',_binary '\0',NULL),(31,'278ce76b-c210-44cc-b90d-40915bb26f6f',_binary '\0',NULL),(32,'497090aa-971e-4243-8df3-9810a1f213d6',_binary '\0',NULL),(33,'a94504d5-5122-4d5b-8b2f-4dbc6de3aa38',_binary '\0',NULL),(34,'abf8803e-cd0c-4df3-b2f4-8e918297f663',_binary '\0',NULL),(35,'2504099a-50b2-4328-8834-4a046e1e5037',_binary '\0',NULL),(36,'fbec81a5-5547-45d2-8271-8a35b29c550b',_binary '\0',NULL),(37,'57161f98-ad9b-427f-b90b-0c24cf03233f',_binary '\0',NULL),(38,'d5ed3250-fd78-41a6-b4e5-b2d74ead8d47',_binary '\0',NULL),(39,'20ef2876-9fc9-4be1-8f78-ab5ff9310cbc',_binary '\0',NULL),(40,'5143ab92-7bf2-44e7-a41a-db0058b2acfe',_binary '\0',NULL),(41,'dcddb40c-b588-414d-a47b-20cf3babd15e',_binary '\0',NULL),(42,'895256f4-bf2f-4edf-a5d8-4ff2b7718197',_binary '\0',NULL),(43,'7caf40a6-e8f9-4f03-9d88-da953cdb50ce',_binary '\0',NULL),(44,'7a9a715e-f0b2-439a-bcfe-b0cdc15c3f7b',_binary '\0',NULL),(45,'9a78684d-fd13-4dd7-8d5d-50135ef10f32',_binary '\0',NULL),(46,'912c7b2b-da79-45af-9fab-f2259030b3be',_binary '\0',NULL),(47,'171be8cb-ec40-4fce-8d17-813959725809',_binary '\0',NULL),(48,'67634815-d740-42e1-83eb-80fbfc1289bf',_binary '\0',NULL),(49,'89eea2dd-2246-4333-b48c-4dbbbe106d57',_binary '\0',NULL),(50,'5e9a34e5-20fe-4f73-8bf0-0c887d4fd88e',_binary '\0',NULL),(51,'23a63a1f-188c-472d-871d-4e48ff0f6f0d',_binary '\0',NULL),(52,'8dbd4f34-8a59-48d0-ad76-4bc0c6f37944',_binary '\0',NULL),(53,'6a65fa1d-8dd4-4960-aec2-a7a7ff04c222',_binary '\0',NULL),(54,'9dc13e3b-b16b-4c87-8779-48d660a99f61',_binary '\0',NULL),(55,'ec1d8448-f806-490f-a9bb-d945ec8e667b',_binary '\0',NULL),(56,'f503fcf3-da84-492d-942a-67b76b278758',_binary '\0',NULL),(57,'be58f65e-2901-4dfe-b8aa-a63c3df57334',_binary '\0',NULL),(58,'0523b819-0c77-4b47-b34b-9b4dd6d573a0',_binary '\0',NULL),(59,'088b643b-ff65-40c0-a61d-69e76a45b1fe',_binary '\0',NULL),(60,'63d10209-2070-4e78-917d-a65826c5c904',_binary '\0',NULL),(61,'dcd342c5-2365-40bb-a4b7-50f0808d5bfd',_binary '\0',NULL),(62,'9e54dc6b-e2ed-422f-abe6-903d7fd13adf',_binary '\0',NULL),(63,'ca0cb38e-8131-4a11-bb45-0b4080170bf2',_binary '\0',NULL),(64,'429758c3-b65b-4625-8260-bb49749bbca7',_binary '\0',NULL),(65,'35201a4e-bcd0-411e-9f9e-97978d8ec1b9',_binary '\0',NULL),(66,'a0a9114b-e6a0-48b9-ba47-f3eb8548a920',_binary '\0',NULL),(67,'c2f5a9fd-8444-4795-9f8a-db2e6139d74c',_binary '\0',NULL),(68,'0159d590-ef9a-42e7-a4f9-418947637e9e',_binary '\0',NULL),(69,'b22cef5c-1122-42f1-aed6-f740f691158d',_binary '\0',NULL),(70,'ea7c89d7-a9bf-490d-a440-a2be6ca40ee6',_binary '\0',NULL),(71,'60a24f52-1b29-46cb-9a04-1a255a3d9b89',_binary '\0',NULL),(72,'1f0b369b-b24e-496d-bc11-7bd4a80b45c8',_binary '\0',NULL),(73,'c8934b89-3381-44cd-97de-96aae19d9ec6',_binary '\0',NULL),(74,'f9eb21c3-6591-433b-8d33-2621b57128ca',_binary '\0',NULL),(75,'7d5220b1-b44e-4f75-9038-cbdd2bb828af',_binary '\0',NULL),(76,'81165ad0-548a-4dbc-bc54-da4768c3f138',_binary '\0',NULL);
/*!40000 ALTER TABLE `thongbaonhan` ENABLE KEYS */;
UNLOCK TABLES;

--
-- Table structure for table `thuonghieu`
--

DROP TABLE IF EXISTS `thuonghieu`;
/*!40101 SET @saved_cs_client     = @@character_set_client */;
/*!50503 SET character_set_client = utf8mb4 */;
CREATE TABLE `thuonghieu` (
  `id` varchar(36) NOT NULL DEFAULT (uuid()),
  `Ten` varchar(200) DEFAULT NULL,
  `NgayTao` datetime DEFAULT NULL,
  `NgayCapNhat` datetime DEFAULT CURRENT_TIMESTAMP,
  PRIMARY KEY (`id`)
) ENGINE=InnoDB DEFAULT CHARSET=utf8mb4 COLLATE=utf8mb4_0900_ai_ci;
/*!40101 SET character_set_client = @saved_cs_client */;

--
-- Dumping data for table `thuonghieu`
--

LOCK TABLES `thuonghieu` WRITE;
/*!40000 ALTER TABLE `thuonghieu` DISABLE KEYS */;
INSERT INTO `thuonghieu` VALUES ('2a1fcece-9a72-459b-a051-8dc67e5c9ac8','Converse','2023-10-08 19:12:46','2023-12-14 20:02:21'),('5c832b42-c43c-4517-bd39-23f14631f8b5','Adidas','2023-10-08 19:13:11','2023-10-08 19:13:11'),('874c4e1e-61a7-4144-a8e8-49fe8c61ca46','Vans','2023-10-08 19:13:05','2023-10-08 19:13:05'),('c413a9fb-51de-4a92-9946-c77e0f3dcc99','Nike','2023-10-07 15:30:33','2023-10-07 15:30:33'),('fee9cf83-358f-46ce-aec9-9b1f8dd626c5','Puma','2023-12-07 20:07:14','2023-12-07 20:07:14');
/*!40000 ALTER TABLE `thuonghieu` ENABLE KEYS */;
UNLOCK TABLES;

--
-- Table structure for table `vaitro`
--

DROP TABLE IF EXISTS `vaitro`;
/*!40101 SET @saved_cs_client     = @@character_set_client */;
/*!50503 SET character_set_client = utf8mb4 */;
CREATE TABLE `vaitro` (
  `Ma` varchar(20) NOT NULL,
  `Ten` varchar(50) NOT NULL,
  PRIMARY KEY (`Ma`)
) ENGINE=InnoDB DEFAULT CHARSET=utf8mb4 COLLATE=utf8mb4_0900_ai_ci;
/*!40101 SET character_set_client = @saved_cs_client */;

--
-- Dumping data for table `vaitro`
--

LOCK TABLES `vaitro` WRITE;
/*!40000 ALTER TABLE `vaitro` DISABLE KEYS */;
INSERT INTO `vaitro` VALUES ('ADMIN','Quản Lý'),('CUST','Khách Hàng'),('STAFF','Nhân Viên');
/*!40000 ALTER TABLE `vaitro` ENABLE KEYS */;
UNLOCK TABLES;

--
-- Table structure for table `voucher`
--

DROP TABLE IF EXISTS `voucher`;
/*!40101 SET @saved_cs_client     = @@character_set_client */;
/*!50503 SET character_set_client = utf8mb4 */;
CREATE TABLE `voucher` (
  `Ma` varchar(36) NOT NULL,
  `mota` varchar(200) DEFAULT NULL,
  `loaimucgiam` varchar(255) DEFAULT NULL,
  `MucGiam` double DEFAULT NULL,
  `GiaTriDonHang` decimal(12,2) DEFAULT NULL,
  `MucGiamToiDa` decimal(12,2) DEFAULT NULL,
  `NgayBatDau` datetime DEFAULT NULL,
  `NgayKetThuc` datetime DEFAULT NULL,
  `SoLuong` bigint DEFAULT NULL,
  `trangthaixoa` bit(1) DEFAULT NULL,
  `hinhthucthanhtoan` int DEFAULT NULL,
  `trangthai` int DEFAULT NULL,
  `doituongsudung` bit(1) DEFAULT NULL,
  PRIMARY KEY (`Ma`)
) ENGINE=InnoDB DEFAULT CHARSET=utf8mb4 COLLATE=utf8mb4_0900_ai_ci;
/*!40101 SET character_set_client = @saved_cs_client */;

--
-- Dumping data for table `voucher`
--

LOCK TABLES `voucher` WRITE;
/*!40000 ALTER TABLE `voucher` DISABLE KEYS */;
INSERT INTO `voucher` VALUES ('2ELUCKRF','Giảm giá 10%','PHAN TRAM',10,100000.00,30000.00,'2023-11-29 13:54:00','2025-12-16 13:54:00',89,_binary '\0',0,0,_binary '\0'),('36PL6CAB','Voucher tặng bạn','PHAN TRAM',10,1000000.00,50000.00,'2023-12-14 16:42:00','2023-12-31 16:43:00',0,_binary '\0',0,1,_binary ''),('5FQENK1B','tuaabsjjj','PHAN TRAM',88,1200000.00,300000.00,'2023-12-12 16:13:00','2023-12-15 16:13:00',0,_binary '\0',2,1,_binary ''),('5M2MX1TX','Oke','PHAN TRAM',10,1000000.00,200000.00,'2023-12-09 15:39:00','2023-12-24 15:28:00',0,_binary '\0',1,1,_binary ''),('5XA9QK4Z','Tuaan sale','PHAN TRAM',12,1500000.00,100000.00,'2023-12-18 17:22:00','2023-12-24 17:22:00',0,_binary '\0',1,1,_binary ''),('68EH0ON0','OK','PHAN TRAM',20,500000.00,100000.00,'2023-12-25 18:36:00','2023-12-28 18:36:00',0,_binary '\0',0,0,_binary ''),('68JEOT7D','fghjkdfghjkfgh','PHAN TRAM',12,2000000.00,100000.00,'2023-12-18 15:00:00','2023-12-21 15:00:00',0,_binary '\0',0,0,_binary ''),('69IZ08W6','Khuyeens mai tang ban','PHAN TRAM',88,2000000.00,200000.00,'2023-12-18 16:25:00','2023-12-24 16:25:00',0,_binary '\0',1,0,_binary ''),('76Q8O6KC','aaaaaa','PHAN TRAM',28,2000000.00,100000.00,'2023-12-16 15:50:00','2023-12-17 15:50:00',0,_binary '\0',0,0,_binary ''),('7BKW49O1','Giảm 50.000 đ','TIEN',50000,500000.00,50000.00,'2023-11-06 00:00:00','2023-12-01 00:00:00',96,NULL,1,2,_binary '\0'),('7GHPVNZD','Khuyến mãi khách tháng 11','PHAN TRAM',10,1000000.00,500000.00,'2024-10-30 22:18:00','2024-11-10 22:18:00',0,_binary '\0',2,0,_binary ''),('92I8LA19','Ngày Lễ','PHAN TRAM',10,1000000.00,50000.00,'2024-04-29 14:57:00','2024-05-29 14:57:00',95,_binary '\0',0,0,_binary '\0'),('DLP40UWO','voucher 3','TIEN',10000,100000.00,NULL,'2023-12-14 16:46:00','2023-12-24 16:46:00',0,_binary '',2,0,_binary ''),('EG2IH00E','Tuấn','PHAN TRAM',10,2000000.00,55555.00,'2023-12-15 15:53:00','2023-12-17 15:49:00',0,_binary '\0',0,0,_binary ''),('EYOQIG6S','og=hdshd','PHAN TRAM',10,2000000.00,12999.00,'2023-12-09 13:57:00','2023-12-16 13:57:00',0,_binary '\0',2,1,_binary ''),('FNQMY0MC','Giảm giá sinh nhật','PHAN TRAM',10,200000.00,40000.00,'2023-12-22 09:11:00','2023-12-31 09:11:00',10,_binary '\0',2,1,_binary '\0'),('I8CV3HGG','hdhfhf','PHAN TRAM',12,3000000.00,20000.00,'2023-12-15 14:07:00','2023-12-16 14:07:00',0,_binary '\0',0,0,_binary ''),('K3ISG0OP','Ngày lễ','PHAN TRAM',10,500000.00,100000.00,'2024-04-27 21:55:00','2024-04-28 21:54:00',7,_binary '\0',2,1,_binary '\0'),('KGZVUNVN','dfhdhgfdg','TIEN',100000,1000000.00,NULL,'2023-12-15 15:28:00','2023-12-17 15:28:00',4,_binary '\0',0,1,_binary '\0'),('OUDEPQYY','Bao ve','PHAN TRAM',10,1000000.00,20000.00,'2023-12-19 11:55:00','2023-12-22 11:55:00',0,_binary '\0',2,0,_binary ''),('RK2ES97Y','tuanDuongVan','PHAN TRAM',88,3000000.00,200939.00,'2023-12-15 14:09:00','2023-12-16 14:09:00',0,_binary '\0',0,1,_binary ''),('VFFCKFU3','Tặng riêng khách hàng','PHAN TRAM',20,500000.00,20000.00,'2024-04-29 15:11:00','2024-05-12 15:11:00',0,_binary '\0',0,0,_binary ''),('WE08CAAN','tuấn','PHAN TRAM',12,500000.00,100000.00,'2023-12-15 15:46:00','2023-12-17 15:46:00',6,_binary '\0',0,1,_binary '\0'),('ZGBSS01D','Khuyến mại 2','TIEN',30000,300000.00,NULL,'2023-12-13 09:10:00','2023-12-31 09:10:00',95,_binary '\0',1,1,_binary '\0');
/*!40000 ALTER TABLE `voucher` ENABLE KEYS */;
UNLOCK TABLES;

--
-- Table structure for table `voucherkhachhang`
--

DROP TABLE IF EXISTS `voucherkhachhang`;
/*!40101 SET @saved_cs_client     = @@character_set_client */;
/*!50503 SET character_set_client = utf8mb4 */;
CREATE TABLE `voucherkhachhang` (
  `voucher` varchar(255) NOT NULL,
  `khachhang` varchar(255) NOT NULL,
  KEY `FK1b9344hc3h5u61oua5hdubxgy` (`khachhang`),
  KEY `FKo1k8oa0dyhw8e05ni9d4sy4r` (`voucher`),
  CONSTRAINT `FK1b9344hc3h5u61oua5hdubxgy` FOREIGN KEY (`khachhang`) REFERENCES `khachhang` (`username`),
  CONSTRAINT `FKo1k8oa0dyhw8e05ni9d4sy4r` FOREIGN KEY (`voucher`) REFERENCES `voucher` (`Ma`)
) ENGINE=InnoDB DEFAULT CHARSET=utf8mb4 COLLATE=utf8mb4_0900_ai_ci;
/*!40101 SET character_set_client = @saved_cs_client */;

--
-- Dumping data for table `voucherkhachhang`
--

LOCK TABLES `voucherkhachhang` WRITE;
/*!40000 ALTER TABLE `voucherkhachhang` DISABLE KEYS */;
INSERT INTO `voucherkhachhang` VALUES ('EYOQIG6S','baphuoc');
/*!40000 ALTER TABLE `voucherkhachhang` ENABLE KEYS */;
UNLOCK TABLES;

--
-- Table structure for table `xuatxu`
--

DROP TABLE IF EXISTS `xuatxu`;
/*!40101 SET @saved_cs_client     = @@character_set_client */;
/*!50503 SET character_set_client = utf8mb4 */;
CREATE TABLE `xuatxu` (
  `id` varchar(36) NOT NULL DEFAULT (uuid()),
  `Ten` varchar(200) DEFAULT NULL,
  `NgayTao` datetime DEFAULT NULL,
  `NgayCapNhat` datetime DEFAULT CURRENT_TIMESTAMP,
  PRIMARY KEY (`id`)
) ENGINE=InnoDB DEFAULT CHARSET=utf8mb4 COLLATE=utf8mb4_0900_ai_ci;
/*!40101 SET character_set_client = @saved_cs_client */;

--
-- Dumping data for table `xuatxu`
--

LOCK TABLES `xuatxu` WRITE;
/*!40000 ALTER TABLE `xuatxu` DISABLE KEYS */;
INSERT INTO `xuatxu` VALUES ('07ac5b84-65d5-11ee-b84f-b294d0553b28','Việt nam','2023-10-08 19:47:18','2023-12-14 19:58:27'),('07aca30a-65d5-11ee-b84f-b294d0553b28','Trung Quốc','2023-10-08 19:47:18','2023-10-08 19:20:12'),('07acb94e-65d5-11ee-b84f-b294d0553b28','Thái Lan','2023-10-08 19:47:18','2023-10-08 19:20:12'),('3bbb09ab-007d-4014-a125-eff3bf913402','Mỹ','2023-12-09 15:25:01','2023-12-09 15:25:01'),('9b17b133-4a5c-4890-a1fc-dfb73aaead04','Vũ hán - trung quốc','2023-11-30 10:47:01','2023-11-30 10:47:01'),('ac622e30-e66a-4fb5-ba16-3b0f6e9c3b5f','Lào','2023-10-08 19:47:18','2023-10-08 19:47:18');
/*!40000 ALTER TABLE `xuatxu` ENABLE KEYS */;
UNLOCK TABLES;
/*!40103 SET TIME_ZONE=@OLD_TIME_ZONE */;

/*!40101 SET SQL_MODE=@OLD_SQL_MODE */;
/*!40014 SET FOREIGN_KEY_CHECKS=@OLD_FOREIGN_KEY_CHECKS */;
/*!40014 SET UNIQUE_CHECKS=@OLD_UNIQUE_CHECKS */;
/*!40101 SET CHARACTER_SET_CLIENT=@OLD_CHARACTER_SET_CLIENT */;
/*!40101 SET CHARACTER_SET_RESULTS=@OLD_CHARACTER_SET_RESULTS */;
/*!40101 SET COLLATION_CONNECTION=@OLD_COLLATION_CONNECTION */;
/*!40111 SET SQL_NOTES=@OLD_SQL_NOTES */;

-- Dump completed on 2024-12-08 11:50:46
